<?xml version="1.0" encoding="UTF-8"?>

<Bundle xmlns="http://hl7.org/fhir">
  <id value="53ef12a3-1e31-4fc1-adf6-9d30dc6c4784"/>
  <type value="transaction"/>
  <entry>
    <fullUrl value="http://example.com/Patient/0"/>
    <resource>
      <Patient>
        <id value="0"/>
        <meta>
          <profile value="https://fhir.bbmri.de/StructureDefinition/Patient"/>
        </meta>
        <text>
          <status value="generated"/><div xmlns="http://www.w3.org/1999/xhtml"><p><b>Generated Narrative</b></p><h3>Ids</h3><table class="grid"><tr><td>-</td></tr><tr><td>*</td></tr></table><h3>Meta</h3><table class="grid"><tr><td>-</td></tr><tr><td>*</td></tr></table><p><b>gender</b>: male</p><p><b>birthDate</b>: 1989-11-18</p></div>
        </text>
        <gender value="male"/>
        <birthDate value="1989-11-18"/>
      </Patient>
    </resource>
    <request>
      <method value="PUT"/>
      <url value="Patient/0"/>
    </request>
  </entry>
  <entry>
    <fullUrl value="http://example.com/Observation/0-bmi"/>
    <resource>
      <Observation>
        <id value="0-bmi"/>
        <meta>
          <profile value="https://fhir.bbmri.de/StructureDefinition/Bmi"/>
        </meta>
        <text>
          <status value="generated"/><div xmlns="http://www.w3.org/1999/xhtml"><p><b>Generated Narrative</b></p><h3>Ids</h3><table class="grid"><tr><td>-</td></tr><tr><td>*</td></tr></table><h3>Meta</h3><table class="grid"><tr><td>-</td></tr><tr><td>*</td></tr></table><p></p><p><b>category</b>: <span title="Codes: {http://terminology.hl7.org/CodeSystem/observation-category vital-signs}">Vital Signs</span></p><p><b>code</b>: <span title="Codes: {http://loinc.org 39156-5}">Body mass index (BMI) [Ratio]</span></p><p><b>subject</b>: <a href="#Patient_0">See above (Patient/0)</a></p><p><b>effective</b>: 2005-06-17</p><p><b>value</b>: 36.68645245341373 kg/m2</p></div>
        </text>
        <status value="final"/>
        <category>
          <coding>
            <system value="http://terminology.hl7.org/CodeSystem/observation-category"/>
            <code value="vital-signs"/>
          </coding>
        </category>
        <code>
          <coding>
            <system value="http://loinc.org"/>
            <code value="39156-5"/>
          </coding>
        </code>
        <subject>
          <reference value="Patient/0"/>
        </subject>
        <effectiveDateTime value="2005-06-17"/>
        <valueQuantity>
          <value value="36.68645245341373"/>
          <unit value="kg/m2"/>
          <system value="http://unitsofmeasure.org"/>
          <code value="kg/m2"/>
        </valueQuantity>
      </Observation>
    </resource>
    <request>
      <method value="PUT"/>
      <url value="Observation/0-bmi"/>
    </request>
  </entry>
  <entry>
    <fullUrl value="http://example.com/Observation/0-body-height"/>
    <resource>
      <Observation>
        <id value="0-body-height"/>
        <meta>
          <profile value="https://fhir.bbmri.de/StructureDefinition/BodyHeight"/>
        </meta>
        <text>
          <status value="generated"/><div xmlns="http://www.w3.org/1999/xhtml"><p><b>Generated Narrative</b></p><h3>Ids</h3><table class="grid"><tr><td>-</td></tr><tr><td>*</td></tr></table><h3>Meta</h3><table class="grid"><tr><td>-</td></tr><tr><td>*</td></tr></table><p></p><p><b>category</b>: <span title="Codes: {http://terminology.hl7.org/CodeSystem/observation-category vital-signs}">Vital Signs</span></p><p><b>code</b>: <span title="Codes: {http://loinc.org 8302-2}">Body height</span></p><p><b>subject</b>: <a href="#Patient_0">See above (Patient/0)</a></p><p><b>effective</b>: 2005-06-17</p><p><b>value</b>: 198.58090348834853 cm</p></div>
        </text>
        <status value="final"/>
        <category>
          <coding>
            <system value="http://terminology.hl7.org/CodeSystem/observation-category"/>
            <code value="vital-signs"/>
          </coding>
        </category>
        <code>
          <coding>
            <system value="http://loinc.org"/>
            <code value="8302-2"/>
          </coding>
        </code>
        <subject>
          <reference value="Patient/0"/>
        </subject>
        <effectiveDateTime value="2005-06-17"/>
        <valueQuantity>
          <value value="198.58090348834853"/>
          <unit value="cm"/>
          <system value="http://unitsofmeasure.org"/>
          <code value="cm"/>
        </valueQuantity>
      </Observation>
    </resource>
    <request>
      <method value="PUT"/>
      <url value="Observation/0-body-height"/>
    </request>
  </entry>
  <entry>
    <fullUrl value="http://example.com/Observation/0-body-weight"/>
    <resource>
      <Observation>
        <id value="0-body-weight"/>
        <meta>
          <profile value="https://fhir.bbmri.de/StructureDefinition/BodyWeight"/>
        </meta>
        <text>
          <status value="generated"/><div xmlns="http://www.w3.org/1999/xhtml"><p><b>Generated Narrative</b></p><h3>Ids</h3><table class="grid"><tr><td>-</td></tr><tr><td>*</td></tr></table><h3>Meta</h3><table class="grid"><tr><td>-</td></tr><tr><td>*</td></tr></table><p></p><p><b>category</b>: <span title="Codes: {http://terminology.hl7.org/CodeSystem/observation-category vital-signs}">Vital Signs</span></p><p><b>code</b>: <span title="Codes: {http://loinc.org 29463-7}">Body weight</span></p><p><b>subject</b>: <a href="#Patient_0">See above (Patient/0)</a></p><p><b>effective</b>: 2005-06-17</p><p><b>value</b>: 144.67073319145982 kg</p></div>
        </text>
        <status value="final"/>
        <category>
          <coding>
            <system value="http://terminology.hl7.org/CodeSystem/observation-category"/>
            <code value="vital-signs"/>
          </coding>
        </category>
        <code>
          <coding>
            <system value="http://loinc.org"/>
            <code value="29463-7"/>
          </coding>
        </code>
        <subject>
          <reference value="Patient/0"/>
        </subject>
        <effectiveDateTime value="2005-06-17"/>
        <valueQuantity>
          <value value="144.67073319145982"/>
          <unit value="kg"/>
          <system value="http://unitsofmeasure.org"/>
          <code value="kg"/>
        </valueQuantity>
      </Observation>
    </resource>
    <request>
      <method value="PUT"/>
      <url value="Observation/0-body-weight"/>
    </request>
  </entry>
  <entry>
    <fullUrl value="http://example.com/Observation/0-tobacco-use"/>
    <resource>
      <Observation>
        <id value="0-tobacco-use"/>
        <meta>
          <profile value="https://fhir.bbmri.de/StructureDefinition/TobaccoUse"/>
        </meta>
        <text>
          <status value="generated"/><div xmlns="http://www.w3.org/1999/xhtml"><p><b>Generated Narrative</b></p><h3>Ids</h3><table class="grid"><tr><td>-</td></tr><tr><td>*</td></tr></table><h3>Meta</h3><table class="grid"><tr><td>-</td></tr><tr><td>*</td></tr></table><p></p><p><b>code</b>: <span title="Codes: {http://loinc.org 72166-2}">Tobacco smoking status</span></p><p><b>subject</b>: <a href="#Patient_0">See above (Patient/0)</a></p><p><b>effective</b>: 2005-06-17</p><p><b>value</b>: <span title="Codes: {http://loinc.org LA18977-1}">Current some day smoker</span></p></div>
        </text>
        <status value="final"/>
        <code>
          <coding>
            <system value="http://loinc.org"/>
            <code value="72166-2"/>
          </coding>
        </code>
        <subject>
          <reference value="Patient/0"/>
        </subject>
        <effectiveDateTime value="2005-06-17"/>
        <valueCodeableConcept>
          <coding>
            <system value="http://loinc.org"/>
            <code value="LA18977-1"/>
          </coding>
        </valueCodeableConcept>
      </Observation>
    </resource>
    <request>
      <method value="PUT"/>
      <url value="Observation/0-tobacco-use"/>
    </request>
  </entry>
  <entry>
    <fullUrl value="http://example.com/Specimen/0-specimen"/>
    <resource>
      <Specimen>
        <id value="0-specimen"/>
        <meta>
          <profile value="https://fhir.bbmri.de/StructureDefinition/Specimen"/>
        </meta>
        <text>
          <status value="extensions"/><div xmlns="http://www.w3.org/1999/xhtml"><p><b>Generated Narrative</b></p><h3>Ids</h3><table class="grid"><tr><td>-</td></tr><tr><td>*</td></tr></table><h3>Meta</h3><table class="grid"><tr><td>-</td></tr><tr><td>*</td></tr></table><p><b>Storage Temperature</b>: </p><p><b>Custodian</b>: </p><p><b>Sample Diagnosis</b>: </p><p><b>type</b>: <span title="Codes: {https://fhir.bbmri.de/CodeSystem/SampleMaterialType whole-blood}">Whole blood</span></p><p><b>subject</b>: <a href="#Patient_0">See above (Patient/0)</a></p><h3>Collections</h3><table class="grid"><tr><td>-</td><td><b>Collected[x]</b></td><td><b>FastingStatus[x]</b></td></tr><tr><td>*</td><td>2005-06-17</td><td><span title="Codes: {http://terminology.hl7.org/CodeSystem/v2-0916 NF}">The patient indicated they did not fast prior to the procedure.</span></td></tr></table></div>
        </text>
        <extension url="https://fhir.bbmri.de/StructureDefinition/StorageTemperature">
          <valueCodeableConcept>
            <coding>
              <system value="https://fhir.bbmri.de/CodeSystem/StorageTemperature"/>
              <code value="temperature2to10"/>
            </coding>
          </valueCodeableConcept>
        </extension>
        <extension url="https://fhir.bbmri.de/StructureDefinition/Custodian">
          <valueReference>
            <reference value="http://blaze.example.com/fhir/Organization/collection-2"/>
          </valueReference>
        </extension>
        <extension url="https://fhir.bbmri.de/StructureDefinition/SampleDiagnosis">
          <valueCodeableConcept>
            <coding>
              <system value="https://fhir.bbmri.de/CodeSystem/OtherSampleDiagnosis"/>
              <code value="unknown"/>
            </coding>
          </valueCodeableConcept>
        </extension>
        <type>
          <coding>
            <system value="https://fhir.bbmri.de/CodeSystem/SampleMaterialType"/>
            <code value="whole-blood"/>
          </coding>
        </type>
        <subject>
          <reference value="Patient/0"/>
        </subject>
        <collection>
          <collectedDateTime value="2005-06-17"/>
          <fastingStatusCodeableConcept>
            <coding>
              <system value="http://terminology.hl7.org/CodeSystem/v2-0916"/>
              <code value="NF"/>
            </coding>
          </fastingStatusCodeableConcept>
        </collection>
      </Specimen>
    </resource>
    <request>
      <method value="PUT"/>
      <url value="Specimen/0-specimen"/>
    </request>
  </entry>
</Bundle>