<?xml version="1.0" encoding="UTF-8"?>

<Bundle xmlns="http://hl7.org/fhir">
  <id value="53ef12a3-1e31-4fc1-adf6-9d30dc6c4784"/>
  <type value="transaction"/>
  <entry>
    <fullUrl value="http://example.com/Patient/0"/>
    <resource>
      <Patient>
        <id value="0"/>
        <meta>
          <profile value="https://fhir.bbmri.de/StructureDefinition/Patient"/>
        </meta>
        <text>
          <status value="generated"/><div xmlns="http://www.w3.org/1999/xhtml"><p><b>Generated Narrative</b></p></div>
        </text>
        <gender value="male"/>
        <birthDate value="1989-11-18"/>
      </Patient>
    </resource>
    <request>
      <method value="PUT"/>
      <url value="Patient/0"/>
    </request>
  </entry>
  <entry>
    <fullUrl value="http://example.com/Observation/0-bmi"/>
    <resource>
      <Observation>
        <id value="0-bmi"/>
        <meta>
          <profile value="https://fhir.bbmri.de/StructureDefinition/Bmi"/>
        </meta>
        <text>
          <status value="generated"/><div xmlns="http://www.w3.org/1999/xhtml"><p><b>Generated Narrative</b></p></div>
        </text>
        <status value="final"/>
        <category>
          <coding>
            <system value="http://terminology.hl7.org/CodeSystem/observation-category"/>
            <code value="vital-signs"/>
          </coding>
        </category>
        <code>
          <coding>
            <system value="http://loinc.org"/>
            <code value="39156-5"/>
          </coding>
        </code>
        <subject>
          <reference value="Patient/0"/>
        </subject>
        <effectiveDateTime value="2005-06-17"/>
        <valueQuantity>
          <value value="36.68645245341373"/>
          <unit value="kg/m2"/>
          <system value="http://unitsofmeasure.org"/>
          <code value="kg/m2"/>
        </valueQuantity>
      </Observation>
    </resource>
    <request>
      <method value="PUT"/>
      <url value="Observation/0-bmi"/>
    </request>
  </entry>
  <entry>
    <fullUrl value="http://example.com/Observation/0-body-height"/>
    <resource>
      <Observation>
        <id value="0-body-height"/>
        <meta>
          <profile value="https://fhir.bbmri.de/StructureDefinition/BodyHeight"/>
        </meta>
        <text>
          <status value="generated"/><div xmlns="http://www.w3.org/1999/xhtml"><p><b>Generated Narrative</b></p></div>
        </text>
        <status value="final"/>
        <category>
          <coding>
            <system value="http://terminology.hl7.org/CodeSystem/observation-category"/>
            <code value="vital-signs"/>
          </coding>
        </category>
        <code>
          <coding>
            <system value="http://loinc.org"/>
            <code value="8302-2"/>
          </coding>
        </code>
        <subject>
          <reference value="Patient/0"/>
        </subject>
        <effectiveDateTime value="2005-06-17"/>
        <valueQuantity>
          <value value="198.58090348834853"/>
          <unit value="cm"/>
          <system value="http://unitsofmeasure.org"/>
          <code value="cm"/>
        </valueQuantity>
      </Observation>
    </resource>
    <request>
      <method value="PUT"/>
      <url value="Observation/0-body-height"/>
    </request>
  </entry>
  <entry>
    <fullUrl value="http://example.com/Observation/0-body-weight"/>
    <resource>
      <Observation>
        <id value="0-body-weight"/>
        <meta>
          <profile value="https://fhir.bbmri.de/StructureDefinition/BodyWeight"/>
        </meta>
        <text>
          <status value="generated"/><div xmlns="http://www.w3.org/1999/xhtml"><p><b>Generated Narrative</b></p></div>
        </text>
        <status value="final"/>
        <category>
          <coding>
            <system value="http://terminology.hl7.org/CodeSystem/observation-category"/>
            <code value="vital-signs"/>
          </coding>
        </category>
        <code>
          <coding>
            <system value="http://loinc.org"/>
            <code value="29463-7"/>
          </coding>
        </code>
        <subject>
          <reference value="Patient/0"/>
        </subject>
        <effectiveDateTime value="2005-06-17"/>
        <valueQuantity>
          <value value="144.67073319145982"/>
          <unit value="kg"/>
          <system value="http://unitsofmeasure.org"/>
          <code value="kg"/>
        </valueQuantity>
      </Observation>
    </resource>
    <request>
      <method value="PUT"/>
      <url value="Observation/0-body-weight"/>
    </request>
  </entry>
  <entry>
    <fullUrl value="http://example.com/Observation/0-tobacco-use"/>
    <resource>
      <Observation>
        <id value="0-tobacco-use"/>
        <meta>
          <profile value="https://fhir.bbmri.de/StructureDefinition/TobaccoUse"/>
        </meta>
        <text>
          <status value="generated"/><div xmlns="http://www.w3.org/1999/xhtml"><p><b>Generated Narrative</b></p></div>
        </text>
        <status value="final"/>
        <code>
          <coding>
            <system value="http://loinc.org"/>
            <code value="72166-2"/>
          </coding>
        </code>
        <subject>
          <reference value="Patient/0"/>
        </subject>
        <effectiveDateTime value="2005-06-17"/>
        <valueCodeableConcept>
          <coding>
            <system value="http://loinc.org"/>
            <code value="LA18977-1"/>
          </coding>
        </valueCodeableConcept>
      </Observation>
    </resource>
    <request>
      <method value="PUT"/>
      <url value="Observation/0-tobacco-use"/>
    </request>
  </entry>
  <entry>
    <fullUrl value="http://example.com/Specimen/0-specimen"/>
    <resource>
      <Specimen>
        <id value="0-specimen"/>
        <meta>
          <profile value="https://fhir.bbmri.de/StructureDefinition/Specimen"/>
        </meta>
        <text>
          <status value="generated"/><div xmlns="http://www.w3.org/1999/xhtml"><p><b>Generated Narrative</b></p></div>
        </text>
        <extension url="https://fhir.bbmri.de/StructureDefinition/StorageTemperature">
          <valueCodeableConcept>
            <coding>
              <system value="https://fhir.bbmri.de/CodeSystem/StorageTemperature"/>
              <code value="temperature2to10"/>
            </coding>
          </valueCodeableConcept>
        </extension>
        <extension url="https://fhir.bbmri.de/StructureDefinition/Custodian">
          <valueReference>
            <reference value="http://blaze.example.com/fhir/Organization/collection-2"/>
          </valueReference>
        </extension>
        <extension url="https://fhir.bbmri.de/StructureDefinition/SampleDiagnosis">
          <valueCodeableConcept>
            <coding>
              <system value="https://fhir.bbmri.de/CodeSystem/OtherSampleDiagnosis"/>
              <code value="unknown"/>
            </coding>
          </valueCodeableConcept>
        </extension>
        <type>
          <coding>
            <system value="https://fhir.bbmri.de/CodeSystem/SampleMaterialType"/>
            <code value="whole-blood"/>
          </coding>
        </type>
        <subject>
          <reference value="Patient/0"/>
        </subject>
        <collection>
          <collectedDateTime value="2005-06-17"/>
          <fastingStatusCodeableConcept>
            <coding>
              <system value="http://terminology.hl7.org/CodeSystem/v2-0916"/>
              <code value="NF"/>
            </coding>
          </fastingStatusCodeableConcept>
        </collection>
      </Specimen>
    </resource>
    <request>
      <method value="PUT"/>
      <url value="Specimen/0-specimen"/>
    </request>
  </entry>
</Bundle>