<?xml version="1.0" encoding="UTF-8"?>

<CodeSystem xmlns="http://hl7.org/fhir">
  <id value="SampleMaterialType"/>
  <text>
    <status value="generated"/><div xmlns="http://www.w3.org/1999/xhtml">Placeholder</div>
  </text>
  <url value="https://fhir.bbmri.de/CodeSystem/SampleMaterialType"/>
  <version value="1.2.0"/>
  <name value="SampleMaterialType"/>
  <title value="Sample Material Type"/>
  <status value="active"/>
  <date value="2023-09-01T08:46:52+00:00"/>
  <publisher value="bbmri.de"/>
  <contact>
    <name value="bbmri.de"/>
    <telecom>
      <system value="url"/>
      <value value="bbmri.de"/>
    </telecom>
    <telecom>
      <system value="email"/>
      <value value="feedback@germanbiobanknode.de"/>
    </telecom>
  </contact>
  <description value="The type of material the sample consists of."/>
  <hierarchyMeaning value="is-a"/>
  <compositional value="false"/>
  <content value="complete"/>
  <concept>
    <code value="whole-blood"/>
    <display value="Whole blood"/>
  </concept>
  <concept>
    <code value="bone-marrow"/>
    <display value="Bone marrow"/>
  </concept>
  <concept>
    <code value="buffy-coat"/>
    <display value="Buffy-Coat"/>
  </concept>
  <concept>
    <code value="dried-whole-blood"/>
    <display value="Dried whole blood"/>
  </concept>
  <concept>
    <code value="peripheral-blood-cells-vital"/>
    <display value="Peripheral blood mononuclear cells (PBMCs, viable)"/>
  </concept>
  <concept>
    <code value="blood-plasma"/>
    <display value="Plasma"/>
    <concept>
      <code value="plasma-edta"/>
      <display value="Plasma, EDTA"/>
    </concept>
    <concept>
      <code value="plasma-citrat"/>
      <display value="Plasma, Citrat"/>
    </concept>
    <concept>
      <code value="plasma-heparin"/>
      <display value="Plasma, Heparin"/>
    </concept>
    <concept>
      <code value="plasma-cell-free"/>
      <display value="Plasma, cell free"/>
    </concept>
    <concept>
      <code value="plasma-other"/>
      <display value="Plasma, other"/>
    </concept>
  </concept>
  <concept>
    <code value="blood-serum"/>
    <display value="Serum"/>
  </concept>
  <concept>
    <code value="ascites"/>
    <display value="Ascites"/>
  </concept>
  <concept>
    <code value="csf-liquor"/>
    <display value="CSF/Liquor"/>
  </concept>
  <concept>
    <code value="saliva"/>
    <display value="Saliva"/>
  </concept>
  <concept>
    <code value="stool-faeces"/>
    <display value="Stool/Faeces"/>
  </concept>
  <concept>
    <code value="urine"/>
    <display value="Urine"/>
  </concept>
  <concept>
    <code value="swab"/>
    <display value="Swab"/>
  </concept>
  <concept>
    <code value="liquid-other"/>
    <display value="Other liquid biosample/storage"/>
  </concept>
  <concept>
    <code value="tissue-ffpe"/>
    <display value="Tissue FFPE"/>
    <concept>
      <code value="tumor-tissue-ffpe"/>
      <display value="Tumor tissue (FFPE)"/>
    </concept>
    <concept>
      <code value="normal-tissue-ffpe"/>
      <display value="Normal tissue (FFPE)"/>
    </concept>
    <concept>
      <code value="other-tissue-ffpe"/>
      <display value="Other tissue (FFPE)"/>
    </concept>
  </concept>
  <concept>
    <code value="tissue-frozen"/>
    <display value="Tissue frozen"/>
    <concept>
      <code value="tumor-tissue-frozen"/>
      <display value="Tumor tissue (frozen)"/>
    </concept>
    <concept>
      <code value="normal-tissue-frozen"/>
      <display value="Normal tissue (frozen)"/>
    </concept>
    <concept>
      <code value="other-tissue-frozen"/>
      <display value="Other tissue (frozen)"/>
    </concept>
  </concept>
  <concept>
    <code value="tissue-other"/>
    <display value="Other tissue storage"/>
  </concept>
  <concept>
    <code value="dna"/>
    <display value="DNA"/>
    <concept>
      <code value="cf-dna"/>
      <display value="cfDNA"/>
    </concept>
    <concept>
      <code value="g-dna"/>
      <display value="gDNA"/>
    </concept>
  </concept>
  <concept>
    <code value="rna"/>
    <display value="RNA"/>
  </concept>
  <concept>
    <code value="derivative-other"/>
    <display value="Other derivative"/>
  </concept>
</CodeSystem>