<?xml version="1.0" encoding="UTF-8"?>

<CodeSystem xmlns="http://hl7.org/fhir">
  <id value="DataCategory"/>
  <text>
    <status value="generated"/><div xmlns="http://www.w3.org/1999/xhtml">Placeholder</div>
  </text>
  <url value="https://fhir.bbmri.de/CodeSystem/DataCategory"/>
  <version value="1.2.0"/>
  <name value="DataCategory"/>
  <title value="Data Category"/>
  <status value="active"/>
  <date value="2023-09-01T11:58:43+00:00"/>
  <publisher value="bbmri.de"/>
  <contact>
    <name value="bbmri.de"/>
    <telecom>
      <system value="url"/>
      <value value="bbmri.de"/>
    </telecom>
    <telecom>
      <system value="email"/>
      <value value="feedback@germanbiobanknode.de"/>
    </telecom>
  </contact>
  <caseSensitive value="false"/>
  <content value="complete"/>
  <concept>
    <code value="BIOLOGICAL_SAMPLES"/>
    <display value="Biological samples"/>
  </concept>
  <concept>
    <code value="GENEALOGICAL_RECORDS"/>
    <display value="Genealogical records"/>
  </concept>
  <concept>
    <code value="IMAGING_DATA"/>
    <display value="Imaging data"/>
  </concept>
  <concept>
    <code value="MEDICAL_RECORDS"/>
    <display value="Medical records"/>
  </concept>
  <concept>
    <code value="NATIONAL_REGISTRIES"/>
    <display value="National registries"/>
  </concept>
  <concept>
    <code value="NAV"/>
    <display value="Not available"/>
  </concept>
  <concept>
    <code value="OTHER"/>
    <display value="other"/>
  </concept>
  <concept>
    <code value="PHYSIOLOGICAL_BIOCHEMICAL_MEASUREMENTS"/>
    <display value="Physiological/Biochemical measurements"/>
  </concept>
  <concept>
    <code value="SURVEY_DATA"/>
    <display value="Survey data"/>
  </concept>
</CodeSystem>