<?xml version="1.0" encoding="UTF-8"?>

<CodeSystem xmlns="http://hl7.org/fhir">
  <id value="QualityStandard"/>
  <text>
    <status value="generated"/><div xmlns="http://www.w3.org/1999/xhtml">Placeholder</div>
  </text>
  <url value="https://fhir.bbmri.de/CodeSystem/QualityStandard"/>
  <version value="1.2.0"/>
  <name value="QualityStandard"/>
  <title value="Quality Standard"/>
  <status value="active"/>
  <date value="2023-09-01T11:58:43+00:00"/>
  <publisher value="bbmri.de"/>
  <contact>
    <name value="bbmri.de"/>
    <telecom>
      <system value="url"/>
      <value value="bbmri.de"/>
    </telecom>
    <telecom>
      <system value="email"/>
      <value value="feedback@germanbiobanknode.de"/>
    </telecom>
  </contact>
  <caseSensitive value="false"/>
  <content value="complete"/>
  <concept>
    <code value="iso-15189"/>
    <display value="ISO-15189"/>
  </concept>
  <concept>
    <code value="iso-15190"/>
    <display value="ISO-15190"/>
  </concept>
  <concept>
    <code value="iso-17025"/>
    <display value="ISO-17025"/>
  </concept>
  <concept>
    <code value="iso-9001"/>
    <display value="ISO-9001"/>
  </concept>
  <concept>
    <code value="nfs96-900"/>
    <display value="NFS96-900"/>
  </concept>
  <concept>
    <code value="oecd-guidelines"/>
    <display value="OECD Guidelines"/>
  </concept>
  <concept>
    <code value="others"/>
    <display value="Others"/>
  </concept>
</CodeSystem>