<?xml version="1.0" encoding="UTF-8"?>

<CodeSystem xmlns="http://hl7.org/fhir">
  <id value="StorageTemperature"/>
  <text>
    <status value="generated"/><div xmlns="http://www.w3.org/1999/xhtml">Placeholder</div>
  </text>
  <url value="https://fhir.bbmri.de/CodeSystem/StorageTemperature"/>
  <version value="1.2.0"/>
  <name value="StorageTemperature"/>
  <title value="Storage Temperature"/>
  <status value="active"/>
  <date value="2023-09-01T08:46:52+00:00"/>
  <publisher value="bbmri.de"/>
  <contact>
    <name value="bbmri.de"/>
    <telecom>
      <system value="url"/>
      <value value="bbmri.de"/>
    </telecom>
    <telecom>
      <system value="email"/>
      <value value="feedback@germanbiobanknode.de"/>
    </telecom>
  </contact>
  <content value="complete"/>
  <concept>
    <code value="temperature2to10"/>
    <display value="Degrees Celsius 2 to 10"/>
  </concept>
  <concept>
    <code value="temperature-18to-35"/>
    <display value="Degrees Celsius -18 to -35"/>
  </concept>
  <concept>
    <code value="temperature-60to-85"/>
    <display value="Degrees Celsius -60 to -85"/>
  </concept>
  <concept>
    <code value="temperatureGN"/>
    <display value="Gaseous nitrogen"/>
  </concept>
  <concept>
    <code value="temperatureLN"/>
    <display value="Liquid nitrogen"/>
  </concept>
  <concept>
    <code value="temperatureRoom"/>
    <display value="Room temperature"/>
  </concept>
  <concept>
    <code value="temperatureOther"/>
    <display value="Other storage temperature"/>
  </concept>
</CodeSystem>