<?xml version="1.0" encoding="UTF-8"?>

<CodeSystem xmlns="http://hl7.org/fhir">
  <id value="OtherSampleDiagnosis"/>
  <text>
    <status value="generated"/><div xmlns="http://www.w3.org/1999/xhtml">Placeholder</div>
  </text>
  <url value="https://fhir.bbmri.de/CodeSystem/OtherSampleDiagnosis"/>
  <version value="1.2.0"/>
  <name value="OtherSampleDiagnosis"/>
  <title value="Other Sample Diagnosis"/>
  <status value="active"/>
  <date value="2023-09-01T08:46:52+00:00"/>
  <publisher value="bbmri.de"/>
  <contact>
    <name value="bbmri.de"/>
    <telecom>
      <system value="url"/>
      <value value="bbmri.de"/>
    </telecom>
    <telecom>
      <system value="email"/>
      <value value="feedback@germanbiobanknode.de"/>
    </telecom>
  </contact>
  <description value="Contains the additional (not contained in ICD-10) codes needed for coding the MIABIS Sample Diagnosis plus a non-MIABIS code for indicating tumor material without a specific diagnosis."/>
  <compositional value="false"/>
  <content value="complete"/>
  <concept>
    <code value="healthy"/>
    <display value="Healthy"/>
    <definition value="Sample contains healthy material"/>
  </concept>
  <concept>
    <code value="unknown"/>
    <display value="Unknown"/>
  </concept>
  <concept>
    <code value="not-applicable"/>
    <display value="Not applicable"/>
  </concept>
  <concept>
    <code value="unspecified-tumor"/>
    <display value="Unspecified tumor"/>
    <definition value="Sample contains tumor material, a specific diagnosis is not known"/>
  </concept>
</CodeSystem>