<?xml version="1.0" encoding="UTF-8"?>

<CodeSystem xmlns="http://hl7.org/fhir">
  <id value="StorageTemperature"/>
  <text>
    <status value="generated"/><div xmlns="http://www.w3.org/1999/xhtml"><h2>Storage Temperature</h2><p>This code system https://fhir.bbmri.de/CodeSystem/StorageTemperature defines the following codes:</p><table class="codes"><tr><td style="white-space:nowrap"><b>Code</b></td><td><b>Display</b></td><td><b>Definition</b></td></tr><tr><td style="white-space:nowrap">temperature2to10<a name="StorageTemperature-temperature2to10"> </a></td><td>Degrees Celsius 2 to 10</td><td/></tr><tr><td style="white-space:nowrap">temperature-18to-35<a name="StorageTemperature-temperature-18to-35"> </a></td><td>Degrees Celsius -18 to -35</td><td/></tr><tr><td style="white-space:nowrap">temperature-60to-85<a name="StorageTemperature-temperature-60to-85"> </a></td><td>Degrees Celsius -60 to -85</td><td/></tr><tr><td style="white-space:nowrap">temperatureGN<a name="StorageTemperature-temperatureGN"> </a></td><td>Gaseous nitrogen</td><td/></tr><tr><td style="white-space:nowrap">temperatureLN<a name="StorageTemperature-temperatureLN"> </a></td><td>Liquid nitrogen</td><td/></tr><tr><td style="white-space:nowrap">temperatureRoom<a name="StorageTemperature-temperatureRoom"> </a></td><td>Room temperature</td><td/></tr><tr><td style="white-space:nowrap">temperatureOther<a name="StorageTemperature-temperatureOther"> </a></td><td>Other storage temperature</td><td/></tr></table></div>
  </text>
  <url value="https://fhir.bbmri.de/CodeSystem/StorageTemperature"/>
  <version value="0.1.0-beta"/>
  <name value="StorageTemperature"/>
  <title value="Storage Temperature"/>
  <status value="draft"/>
  <date value="2020-04-03T08:03:12+00:00"/>
  <publisher value="BBMRI.de"/>
  <contact>
    <telecom>
      <system value="url"/>
      <value value="https://www.bbmri.de"/>
    </telecom>
    <telecom>
      <system value="email"/>
      <value value="feedback@germanbiobanknode.de"/>
    </telecom>
  </contact>
  <jurisdiction>
    <coding>
      <system value="http://unstats.un.org/unsd/methods/m49/m49.htm"/>
      <code value="001"/>
    </coding>
  </jurisdiction>
  <content value="complete"/>
  <concept>
    <code value="temperature2to10"/>
    <display value="Degrees Celsius 2 to 10"/>
  </concept>
  <concept>
    <code value="temperature-18to-35"/>
    <display value="Degrees Celsius -18 to -35"/>
  </concept>
  <concept>
    <code value="temperature-60to-85"/>
    <display value="Degrees Celsius -60 to -85"/>
  </concept>
  <concept>
    <code value="temperatureGN"/>
    <display value="Gaseous nitrogen"/>
  </concept>
  <concept>
    <code value="temperatureLN"/>
    <display value="Liquid nitrogen"/>
  </concept>
  <concept>
    <code value="temperatureRoom"/>
    <display value="Room temperature"/>
  </concept>
  <concept>
    <code value="temperatureOther"/>
    <display value="Other storage temperature"/>
  </concept>
</CodeSystem>