<?xml version="1.0" encoding="UTF-8"?>

<CodeSystem xmlns="http://hl7.org/fhir">
  <id value="CollectionType"/>
  <text>
    <status value="generated"/><div xmlns="http://www.w3.org/1999/xhtml">Placeholder</div>
  </text>
  <url value="https://fhir.bbmri.de/CodeSystem/CollectionType"/>
  <version value="1.2.0"/>
  <name value="CollectionType"/>
  <title value="Collection Type"/>
  <status value="active"/>
  <date value="2023-09-01T11:58:43+00:00"/>
  <publisher value="bbmri.de"/>
  <contact>
    <name value="bbmri.de"/>
    <telecom>
      <system value="url"/>
      <value value="bbmri.de"/>
    </telecom>
    <telecom>
      <system value="email"/>
      <value value="feedback@germanbiobanknode.de"/>
    </telecom>
  </contact>
  <caseSensitive value="false"/>
  <content value="complete"/>
  <concept>
    <code value="SAMPLE"/>
    <display value="Sample collection"/>
  </concept>
  <concept>
    <code value="TWIN_STUDY"/>
    <display value="Twin-study"/>
  </concept>
  <concept>
    <code value="RD"/>
    <display value="Rare disease collection"/>
  </concept>
  <concept>
    <code value="NON_HUMAN"/>
    <display value="Non-human"/>
  </concept>
  <concept>
    <code value="BIRTH_COHORT"/>
    <display value="Birth cohort"/>
  </concept>
  <concept>
    <code value="CASE_CONTROL"/>
    <display value="Case-Control"/>
  </concept>
  <concept>
    <code value="COHORT"/>
    <display value="Cohort"/>
  </concept>
  <concept>
    <code value="CROSS_SECTIONAL"/>
    <display value="Cross-Sectional"/>
  </concept>
  <concept>
    <code value="DISEASE_SPECIFIC"/>
    <display value="Disease specific"/>
  </concept>
  <concept>
    <code value="HOSPITAL"/>
    <display value="Hospital"/>
  </concept>
  <concept>
    <code value="IMAGE"/>
    <display value="Image collection"/>
  </concept>
  <concept>
    <code value="LONGITUDINAL"/>
    <display value="Longitudinal"/>
  </concept>
  <concept>
    <code value="OTHER"/>
    <display value="other"/>
  </concept>
  <concept>
    <code value="POPULATION_BASED"/>
    <display value="Population-based"/>
  </concept>
  <concept>
    <code value="QUALITY_CONTROL"/>
    <display value="Quality control"/>
  </concept>
</CodeSystem>