<?xml version="1.0" encoding="UTF-8"?>

<Measure xmlns="http://hl7.org/fhir">
  <id value="PatientQualityReports"/>
  <text>
    <status value="generated"/><div xmlns="http://www.w3.org/1999/xhtml"><p><b>Generated Narrative</b></p><div style="display: inline-block; background-color: #d9e0e7; padding: 6px; margin: 4px; border: 1px solid #8da1b4; border-radius: 5px; line-height: 60%"><p style="margin-bottom: 0px">Resource "PatientQualityReports" </p></div><p><b>url</b>: <code>https://fhir.bbmri.de/Measure/PatientQualityReports</code></p><p><b>version</b>: 1.2.0</p><p><b>name</b>: PatientQualityReports</p><p><b>title</b>: Patient Quality Reports</p><p><b>status</b>: active</p><p><b>subject</b>: Patient <span style="background: LightGoldenRodYellow; margin: 4px; border: 1px solid khaki"> (<a href="http://hl7.org/fhir/R4/codesystem-resource-types.html">ResourceType</a>#Patient)</span></p><p><b>date</b>: 2022-01-18T15:55:49Z</p><p><b>publisher</b>: bbmri.de</p><p><b>contact</b>: bbmri.de: <a href="bbmri.de">bbmri.de</a>,<a href="mailto:feedback@germanbiobanknode.de">feedback@germanbiobanknode.de</a></p><p><b>description</b>: This measure contains various patient related stratifiers to help to evaluate data quality.</p><p><b>library</b>: <a href="Library-PatientQualityReports.html">Patient Quality Reports</a></p><p><b>scoring</b>: Cohort <span style="background: LightGoldenRodYellow; margin: 4px; border: 1px solid khaki"> (<a href="http://terminology.hl7.org/3.0.0/CodeSystem-measure-scoring.html">MeasureScoring</a>#cohort)</span></p><blockquote><p><b>group</b></p><blockquote><p><b>population</b></p><p><b>code</b>: Initial Population <span style="background: LightGoldenRodYellow; margin: 4px; border: 1px solid khaki"> (<a href="http://terminology.hl7.org/3.0.0/CodeSystem-measure-population.html">MeasurePopulationType</a>#initial-population)</span></p></blockquote><blockquote><p><b>stratifier</b></p><p><b>code</b>: Gender <span style="background: LightGoldenRodYellow; margin: 4px; border: 1px solid khaki"> ()</span></p></blockquote><blockquote><p><b>stratifier</b></p><p><b>code</b>: AgeClass <span style="background: LightGoldenRodYellow; margin: 4px; border: 1px solid khaki"> ()</span></p></blockquote><blockquote><p><b>stratifier</b></p><p><b>code</b>: HasCovid19 <span style="background: LightGoldenRodYellow; margin: 4px; border: 1px solid khaki"> ()</span></p></blockquote></blockquote></div>
  </text>
  <url value="https://fhir.bbmri.de/Measure/PatientQualityReports"/>
  <version value="1.2.0"/>
  <name value="PatientQualityReports"/>
  <title value="Patient Quality Reports"/>
  <status value="active"/>
  <subjectCodeableConcept>
    <coding>
      <system value="http://hl7.org/fhir/resource-types"/>
      <code value="Patient"/>
    </coding>
  </subjectCodeableConcept>
  <date value="2022-01-18T15:55:49+00:00"/>
  <publisher value="bbmri.de"/>
  <contact>
    <name value="bbmri.de"/>
    <telecom>
      <system value="url"/>
      <value value="bbmri.de"/>
    </telecom>
    <telecom>
      <system value="email"/>
      <value value="feedback@germanbiobanknode.de"/>
    </telecom>
  </contact>
  <description value="This measure contains various patient related stratifiers to help to evaluate data quality."/>
  <library value="https://fhir.bbmri.de/Library/PatientQualityReports"/>
  <scoring>
    <coding>
      <system value="http://terminology.hl7.org/CodeSystem/measure-scoring"/>
      <code value="cohort"/>
    </coding>
  </scoring>
  <group>
    <population>
      <code>
        <coding>
          <system value="http://terminology.hl7.org/CodeSystem/measure-population"/>
          <code value="initial-population"/>
        </coding>
      </code>
      <criteria>
        <language value="text/cql"/>
        <expression value="InInitialPopulation"/>
      </criteria>
    </population>
    <stratifier>
      <code>
        <text value="Gender"/>
      </code>
      <criteria>
        <language value="text/cql"/>
        <expression value="Gender"/>
      </criteria>
    </stratifier>
    <stratifier>
      <code>
        <text value="AgeClass"/>
      </code>
      <criteria>
        <language value="text/cql"/>
        <expression value="AgeClass"/>
      </criteria>
    </stratifier>
    <stratifier>
      <code>
        <text value="HasCovid19"/>
      </code>
      <criteria>
        <language value="text/cql"/>
        <expression value="HasCovid19"/>
      </criteria>
    </stratifier>
  </group>
</Measure>