<?xml version="1.0" encoding="UTF-8"?>

<Patient xmlns="http://hl7.org/fhir">
  <id value="0"/>
  <meta>
    <profile value="https://fhir.bbmri.de/StructureDefinition/Patient"/>
  </meta>
  <text>
    <status value="generated"/><div xmlns="http://www.w3.org/1999/xhtml"><p style="border: 1px #661aff solid; background-color: #e6e6ff; padding: 10px;"><b>Anonymous Patient</b> male, DoB: 1989-11-18</p><hr/><table class="grid"><tr><td style="background-color: #f3f5da" title="Known status of Patient">Deceased:</td><td colspan="3">2009-01-27</td></tr></table></div>
  </text>
  <gender value="male"/>
  <birthDate value="1989-11-18"/>
  <deceasedDateTime value="2009-01-27"/>
</Patient>