<?xml version="1.0" encoding="UTF-8"?>

<ValueSet xmlns="http://hl7.org/fhir">
  <id value="CollectionType"/>
  <text>
    <status value="generated"/><div xmlns="http://www.w3.org/1999/xhtml">Placeholder</div>
  </text>
  <url value="https://fhir.bbmri.de/ValueSet/CollectionType"/>
  <version value="1.2.0"/>
  <name value="CollectionType"/>
  <title value="Collection Type"/>
  <status value="active"/>
  <date value="2023-09-01T11:58:43+00:00"/>
  <publisher value="bbmri.de"/>
  <contact>
    <name value="bbmri.de"/>
    <telecom>
      <system value="url"/>
      <value value="bbmri.de"/>
    </telecom>
    <telecom>
      <system value="email"/>
      <value value="feedback@germanbiobanknode.de"/>
    </telecom>
  </contact>
  <compose>
    <include>
      <system value="https://fhir.bbmri.de/CodeSystem/CollectionType"/>
    </include>
  </compose>
</ValueSet>