<?xml version="1.0" encoding="UTF-8"?><CodeSystem xmlns="http://hl7.org/fhir"><id value="StorageTemperature"/><text><status value="generated"/><div xmlns="http://www.w3.org/1999/xhtml"><p>This  code system <code>https://fhir.bbmri.de/CodeSystem/StorageTemperature</code> defines the following codes:</p><table class="codes"><tr><td style="white-space:nowrap"><b>Code</b></td><td><b>Display</b></td></tr><tr><td style="white-space:nowrap">temperature2to10<a name="StorageTemperature-temperature2to10"> </a></td><td>Degrees Celsius 2 to 10</td></tr><tr><td style="white-space:nowrap">temperature-18to-35<a name="StorageTemperature-temperature-18to-35"> </a></td><td>Degrees Celsius -18 to -35</td></tr><tr><td style="white-space:nowrap">temperature-60to-85<a name="StorageTemperature-temperature-60to-85"> </a></td><td>Degrees Celsius -60 to -85</td></tr><tr><td style="white-space:nowrap">temperatureGN<a name="StorageTemperature-temperatureGN"> </a></td><td>Gaseous nitrogen</td></tr><tr><td style="white-space:nowrap">temperatureLN<a name="StorageTemperature-temperatureLN"> </a></td><td>Liquid nitrogen</td></tr><tr><td style="white-space:nowrap">temperatureRoom<a name="StorageTemperature-temperatureRoom"> </a></td><td>Room temperature</td></tr><tr><td style="white-space:nowrap">temperatureOther<a name="StorageTemperature-temperatureOther"> </a></td><td>Other storage temperature</td></tr></table></div></text><url value="https://fhir.bbmri.de/CodeSystem/StorageTemperature"/><version value="1.2.0"/><name value="StorageTemperature"/><title value="Storage Temperature"/><status value="active"/><date value="2023-09-01T11:58:43+00:00"/><publisher value="bbmri.de"/><contact><name value="bbmri.de"/><telecom><system value="url"/><value value="bbmri.de"/></telecom><telecom><system value="email"/><value value="feedback@germanbiobanknode.de"/></telecom></contact><content value="complete"/><concept><code value="temperature2to10"/><display value="Degrees Celsius 2 to 10"/></concept><concept><code value="temperature-18to-35"/><display value="Degrees Celsius -18 to -35"/></concept><concept><code value="temperature-60to-85"/><display value="Degrees Celsius -60 to -85"/></concept><concept><code value="temperatureGN"/><display value="Gaseous nitrogen"/></concept><concept><code value="temperatureLN"/><display value="Liquid nitrogen"/></concept><concept><code value="temperatureRoom"/><display value="Room temperature"/></concept><concept><code value="temperatureOther"/><display value="Other storage temperature"/></concept></CodeSystem>