<?xml version="1.0" encoding="UTF-8"?><CodeSystem xmlns="http://hl7.org/fhir"><id value="OtherSampleDiagnosis"/><text><status value="generated"/><div xmlns="http://www.w3.org/1999/xhtml"><h2>Other Sample Diagnosis</h2><div><p>Contains the additional (not contained in ICD-10) codes needed for coding the MIABIS Sample Diagnosis plus a non-MIABIS code for indicating tumor material without a specific diagnosis.</p>
</div><p>This code system https://fhir.bbmri.de/CodeSystem/OtherSampleDiagnosis defines the following codes:</p><table class="codes"><tr><td style="white-space:nowrap"><b>Code</b></td><td><b>Display</b></td><td><b>Definition</b></td></tr><tr><td style="white-space:nowrap">healthy<a name="OtherSampleDiagnosis-healthy"> </a></td><td>Healthy</td><td>Sample contains healthy material</td></tr><tr><td style="white-space:nowrap">unknown<a name="OtherSampleDiagnosis-unknown"> </a></td><td>Unknown</td><td/></tr><tr><td style="white-space:nowrap">not-applicable<a name="OtherSampleDiagnosis-not-applicable"> </a></td><td>Not applicable</td><td/></tr><tr><td style="white-space:nowrap">unspecified-tumor<a name="OtherSampleDiagnosis-unspecified-tumor"> </a></td><td>Unspecified tumor</td><td>Sample contains tumor material, a specific diagnosis is not known</td></tr></table></div></text><url value="https://fhir.bbmri.de/CodeSystem/OtherSampleDiagnosis"/><version value="0.1.0-beta"/><name value="OtherSampleDiagnosis"/><title value="Other Sample Diagnosis"/><status value="draft"/><date value="2020-04-03T07:11:33+00:00"/><publisher value="BBMRI.de"/><contact><telecom><system value="url"/><value value="https://www.bbmri.de"/></telecom><telecom><system value="email"/><value value="feedback@germanbiobanknode.de"/></telecom></contact><description value="Contains the additional (not contained in ICD-10) codes needed for coding the MIABIS Sample Diagnosis plus a non-MIABIS code for indicating tumor material without a specific diagnosis."/><jurisdiction><coding><system value="http://unstats.un.org/unsd/methods/m49/m49.htm"/><code value="001"/></coding></jurisdiction><compositional value="false"/><content value="complete"/><concept><code value="healthy"/><display value="Healthy"/><definition value="Sample contains healthy material"/></concept><concept><code value="unknown"/><display value="Unknown"/></concept><concept><code value="not-applicable"/><display value="Not applicable"/></concept><concept><code value="unspecified-tumor"/><display value="Unspecified tumor"/><definition value="Sample contains tumor material, a specific diagnosis is not known"/></concept></CodeSystem>