<?xml version="1.0" encoding="UTF-8"?><CodeSystem xmlns="http://hl7.org/fhir"><id value="BiobankCapabilities"/><text><status value="generated"/><div xmlns="http://www.w3.org/1999/xhtml"><h2>Biobank Capabilities</h2><p>This code system https://fhir.bbmri.de/CodeSystem/BiobankCapabilities defines the following codes:</p><table class="codes"><tr><td style="white-space:nowrap"><b>Code</b></td><td><b>Display</b></td><td><b>Definition</b></td></tr><tr><td style="white-space:nowrap">biomaterial-storage<a name="BiobankCapabilities-biomaterial-storage"> </a></td><td>Biological material storage</td><td/></tr><tr><td style="white-space:nowrap">cell-culture<a name="BiobankCapabilities-cell-culture"> </a></td><td>Cell culture</td><td/></tr><tr><td style="white-space:nowrap">data-analytics<a name="BiobankCapabilities-data-analytics"> </a></td><td>Data analytics</td><td/></tr><tr><td style="white-space:nowrap">data-storage<a name="BiobankCapabilities-data-storage"> </a></td><td>Data Storage</td><td/></tr><tr><td style="white-space:nowrap">digital-imaging<a name="BiobankCapabilities-digital-imaging"> </a></td><td>Digital imaging</td><td/></tr><tr><td style="white-space:nowrap">immunohistochemistry-scoring<a name="BiobankCapabilities-immunohistochemistry-scoring"> </a></td><td>Immunohistochemistry scoring</td><td/></tr><tr><td style="white-space:nowrap">immunohistochemistry-staining<a name="BiobankCapabilities-immunohistochemistry-staining"> </a></td><td>Immunohistochemistry staining</td><td/></tr><tr><td style="white-space:nowrap">nucleic-acid-extraction<a name="BiobankCapabilities-nucleic-acid-extraction"> </a></td><td>Nucleic acid extraction</td><td/></tr><tr><td style="white-space:nowrap">pathology-archive-access<a name="BiobankCapabilities-pathology-archive-access"> </a></td><td>Access to the full pathology archive</td><td/></tr><tr><td style="white-space:nowrap">recontact<a name="BiobankCapabilities-recontact"> </a></td><td>Ability to recontact</td><td/></tr><tr><td style="white-space:nowrap">tma-creation<a name="BiobankCapabilities-tma-creation"> </a></td><td>Tissue micro array creation</td><td/></tr></table></div></text><url value="https://fhir.bbmri.de/CodeSystem/BiobankCapabilities"/><version value="0.1.0-beta"/><name value="BiobankCapabilities"/><title value="Biobank Capabilities"/><status value="draft"/><date value="2020-04-03T07:11:33+00:00"/><publisher value="BBMRI.de"/><contact><telecom><system value="url"/><value value="https://www.bbmri.de"/></telecom><telecom><system value="email"/><value value="feedback@germanbiobanknode.de"/></telecom></contact><jurisdiction><coding><system value="http://unstats.un.org/unsd/methods/m49/m49.htm"/><code value="001"/></coding></jurisdiction><content value="complete"/><concept><code value="biomaterial-storage"/><display value="Biological material storage"/></concept><concept><code value="cell-culture"/><display value="Cell culture"/></concept><concept><code value="data-analytics"/><display value="Data analytics"/></concept><concept><code value="data-storage"/><display value="Data Storage"/></concept><concept><code value="digital-imaging"/><display value="Digital imaging"/></concept><concept><code value="immunohistochemistry-scoring"/><display value="Immunohistochemistry scoring"/></concept><concept><code value="immunohistochemistry-staining"/><display value="Immunohistochemistry staining"/></concept><concept><code value="nucleic-acid-extraction"/><display value="Nucleic acid extraction"/></concept><concept><code value="pathology-archive-access"/><display value="Access to the full pathology archive"/></concept><concept><code value="recontact"/><display value="Ability to recontact"/></concept><concept><code value="tma-creation"/><display value="Tissue micro array creation"/></concept></CodeSystem>