<?xml version="1.0" encoding="UTF-8"?><CodeSystem xmlns="http://hl7.org/fhir"><id value="SampleMaterialType"/><text><status value="generated"/><div xmlns="http://www.w3.org/1999/xhtml"><h2>Sample Material Type</h2><div><p>The type of material the sample consists of.</p>
</div><p>This code system https://fhir.bbmri.de/CodeSystem/SampleMaterialType defines the following codes:</p><table class="codes"><tr><td><b>Lvl</b></td><td style="white-space:nowrap"><b>Code</b></td><td><b>Display</b></td><td><b>Definition</b></td></tr><tr><td>1</td><td style="white-space:nowrap">whole-blood<a name="SampleMaterialType-whole-blood"> </a></td><td>Whole blood</td><td/></tr><tr><td>1</td><td style="white-space:nowrap">bone-marrow<a name="SampleMaterialType-bone-marrow"> </a></td><td>Bone marrow</td><td/></tr><tr><td>1</td><td style="white-space:nowrap">buffy-coat<a name="SampleMaterialType-buffy-coat"> </a></td><td>Buffy-Coat</td><td/></tr><tr><td>1</td><td style="white-space:nowrap">dried-whole-blood<a name="SampleMaterialType-dried-whole-blood"> </a></td><td>Dried whole blood</td><td/></tr><tr><td>1</td><td style="white-space:nowrap">peripheral-blood-cells-vital<a name="SampleMaterialType-peripheral-blood-cells-vital"> </a></td><td>Peripheral blood mononuclear cells (PBMCs, viable)</td><td/></tr><tr><td>1</td><td style="white-space:nowrap">blood-plasma<a name="SampleMaterialType-blood-plasma"> </a></td><td>Plasma</td><td/></tr><tr><td>2</td><td style="white-space:nowrap">&#xA0;&#xA0;plasma-edta<a name="SampleMaterialType-plasma-edta"> </a></td><td>Plasma, EDTA</td><td/></tr><tr><td>2</td><td style="white-space:nowrap">&#xA0;&#xA0;plasma-citrat<a name="SampleMaterialType-plasma-citrat"> </a></td><td>Plasma, Citrat</td><td/></tr><tr><td>2</td><td style="white-space:nowrap">&#xA0;&#xA0;plasma-heparin<a name="SampleMaterialType-plasma-heparin"> </a></td><td>Plasma, Heparin</td><td/></tr><tr><td>2</td><td style="white-space:nowrap">&#xA0;&#xA0;plasma-cell-free<a name="SampleMaterialType-plasma-cell-free"> </a></td><td>Plasma, cell free</td><td/></tr><tr><td>2</td><td style="white-space:nowrap">&#xA0;&#xA0;plasma-other<a name="SampleMaterialType-plasma-other"> </a></td><td>Plasma, other</td><td/></tr><tr><td>1</td><td style="white-space:nowrap">blood-serum<a name="SampleMaterialType-blood-serum"> </a></td><td>Serum</td><td/></tr><tr><td>1</td><td style="white-space:nowrap">ascites<a name="SampleMaterialType-ascites"> </a></td><td>Ascites</td><td/></tr><tr><td>1</td><td style="white-space:nowrap">csf-liquor<a name="SampleMaterialType-csf-liquor"> </a></td><td>CSF/Liquor</td><td/></tr><tr><td>1</td><td style="white-space:nowrap">saliva<a name="SampleMaterialType-saliva"> </a></td><td>Saliva</td><td/></tr><tr><td>1</td><td style="white-space:nowrap">stool-faeces<a name="SampleMaterialType-stool-faeces"> </a></td><td>Stool/Faeces</td><td/></tr><tr><td>1</td><td style="white-space:nowrap">urine<a name="SampleMaterialType-urine"> </a></td><td>Urine</td><td/></tr><tr><td>1</td><td style="white-space:nowrap">swab<a name="SampleMaterialType-swab"> </a></td><td>Swab</td><td/></tr><tr><td>1</td><td style="white-space:nowrap">liquid-other<a name="SampleMaterialType-liquid-other"> </a></td><td>Other liquid biosample/storage</td><td/></tr><tr><td>1</td><td style="white-space:nowrap">tissue-ffpe<a name="SampleMaterialType-tissue-ffpe"> </a></td><td>Tissue FFPE</td><td/></tr><tr><td>2</td><td style="white-space:nowrap">&#xA0;&#xA0;tumor-tissue-ffpe<a name="SampleMaterialType-tumor-tissue-ffpe"> </a></td><td>Tumor tissue (FFPE)</td><td/></tr><tr><td>2</td><td style="white-space:nowrap">&#xA0;&#xA0;normal-tissue-ffpe<a name="SampleMaterialType-normal-tissue-ffpe"> </a></td><td>Normal tissue (FFPE)</td><td/></tr><tr><td>2</td><td style="white-space:nowrap">&#xA0;&#xA0;other-tissue-ffpe<a name="SampleMaterialType-other-tissue-ffpe"> </a></td><td>Other tissue (FFPE)</td><td/></tr><tr><td>1</td><td style="white-space:nowrap">tissue-frozen<a name="SampleMaterialType-tissue-frozen"> </a></td><td>Tissue frozen</td><td/></tr><tr><td>2</td><td style="white-space:nowrap">&#xA0;&#xA0;tumor-tissue-frozen<a name="SampleMaterialType-tumor-tissue-frozen"> </a></td><td>Tumor tissue (frozen)</td><td/></tr><tr><td>2</td><td style="white-space:nowrap">&#xA0;&#xA0;normal-tissue-frozen<a name="SampleMaterialType-normal-tissue-frozen"> </a></td><td>Normal tissue (frozen)</td><td/></tr><tr><td>2</td><td style="white-space:nowrap">&#xA0;&#xA0;other-tissue-frozen<a name="SampleMaterialType-other-tissue-frozen"> </a></td><td>Other tissue (frozen)</td><td/></tr><tr><td>1</td><td style="white-space:nowrap">tissue-other<a name="SampleMaterialType-tissue-other"> </a></td><td>Other tissue storage</td><td/></tr><tr><td>1</td><td style="white-space:nowrap">dna<a name="SampleMaterialType-dna"> </a></td><td>DNA</td><td/></tr><tr><td>2</td><td style="white-space:nowrap">&#xA0;&#xA0;cf-dna<a name="SampleMaterialType-cf-dna"> </a></td><td>cfDNA</td><td/></tr><tr><td>2</td><td style="white-space:nowrap">&#xA0;&#xA0;g-dna<a name="SampleMaterialType-g-dna"> </a></td><td>gDNA</td><td/></tr><tr><td>1</td><td style="white-space:nowrap">rna<a name="SampleMaterialType-rna"> </a></td><td>RNA</td><td/></tr><tr><td>1</td><td style="white-space:nowrap">derivative-other<a name="SampleMaterialType-derivative-other"> </a></td><td>Other derivative</td><td/></tr></table></div></text><url value="https://fhir.bbmri.de/CodeSystem/SampleMaterialType"/><version value="0.1.0-beta"/><name value="SampleMaterialType"/><title value="Sample Material Type"/><status value="draft"/><date value="2020-04-03T06:03:09+00:00"/><publisher value="BBMRI.de"/><contact><telecom><system value="url"/><value value="https://www.bbmri.de"/></telecom><telecom><system value="email"/><value value="feedback@germanbiobanknode.de"/></telecom></contact><description value="The type of material the sample consists of."/><jurisdiction><coding><system value="http://unstats.un.org/unsd/methods/m49/m49.htm"/><code value="001"/></coding></jurisdiction><hierarchyMeaning value="is-a"/><compositional value="false"/><content value="complete"/><concept><code value="whole-blood"/><display value="Whole blood"/></concept><concept><code value="bone-marrow"/><display value="Bone marrow"/></concept><concept><code value="buffy-coat"/><display value="Buffy-Coat"/></concept><concept><code value="dried-whole-blood"/><display value="Dried whole blood"/></concept><concept><code value="peripheral-blood-cells-vital"/><display value="Peripheral blood mononuclear cells (PBMCs, viable)"/></concept><concept><code value="blood-plasma"/><display value="Plasma"/><concept><code value="plasma-edta"/><display value="Plasma, EDTA"/></concept><concept><code value="plasma-citrat"/><display value="Plasma, Citrat"/></concept><concept><code value="plasma-heparin"/><display value="Plasma, Heparin"/></concept><concept><code value="plasma-cell-free"/><display value="Plasma, cell free"/></concept><concept><code value="plasma-other"/><display value="Plasma, other"/></concept></concept><concept><code value="blood-serum"/><display value="Serum"/></concept><concept><code value="ascites"/><display value="Ascites"/></concept><concept><code value="csf-liquor"/><display value="CSF/Liquor"/></concept><concept><code value="saliva"/><display value="Saliva"/></concept><concept><code value="stool-faeces"/><display value="Stool/Faeces"/></concept><concept><code value="urine"/><display value="Urine"/></concept><concept><code value="swab"/><display value="Swab"/></concept><concept><code value="liquid-other"/><display value="Other liquid biosample/storage"/></concept><concept><code value="tissue-ffpe"/><display value="Tissue FFPE"/><concept><code value="tumor-tissue-ffpe"/><display value="Tumor tissue (FFPE)"/></concept><concept><code value="normal-tissue-ffpe"/><display value="Normal tissue (FFPE)"/></concept><concept><code value="other-tissue-ffpe"/><display value="Other tissue (FFPE)"/></concept></concept><concept><code value="tissue-frozen"/><display value="Tissue frozen"/><concept><code value="tumor-tissue-frozen"/><display value="Tumor tissue (frozen)"/></concept><concept><code value="normal-tissue-frozen"/><display value="Normal tissue (frozen)"/></concept><concept><code value="other-tissue-frozen"/><display value="Other tissue (frozen)"/></concept></concept><concept><code value="tissue-other"/><display value="Other tissue storage"/></concept><concept><code value="dna"/><display value="DNA"/><concept><code value="cf-dna"/><display value="cfDNA"/></concept><concept><code value="g-dna"/><display value="gDNA"/></concept></concept><concept><code value="rna"/><display value="RNA"/></concept><concept><code value="derivative-other"/><display value="Other derivative"/></concept></CodeSystem>