<?xml version="1.0" encoding="UTF-8"?><CodeSystem xmlns="http://hl7.org/fhir"><id value="DataCategory"/><text><status value="generated"/><div xmlns="http://www.w3.org/1999/xhtml"><h2>Data Category</h2><p>This code system https://fhir.bbmri.de/CodeSystem/DataCategory defines the following codes:</p><table class="codes"><tr><td style="white-space:nowrap"><b>Code</b></td><td><b>Display</b></td><td><b>Definition</b></td></tr><tr><td style="white-space:nowrap">BIOLOGICAL_SAMPLES<a name="DataCategory-BIOLOGICAL_SAMPLES"> </a></td><td>Biological samples</td><td/></tr><tr><td style="white-space:nowrap">GENEALOGICAL_RECORDS<a name="DataCategory-GENEALOGICAL_RECORDS"> </a></td><td>Genealogical records</td><td/></tr><tr><td style="white-space:nowrap">IMAGING_DATA<a name="DataCategory-IMAGING_DATA"> </a></td><td>Imaging data</td><td/></tr><tr><td style="white-space:nowrap">MEDICAL_RECORDS<a name="DataCategory-MEDICAL_RECORDS"> </a></td><td>Medical records</td><td/></tr><tr><td style="white-space:nowrap">NATIONAL_REGISTRIES<a name="DataCategory-NATIONAL_REGISTRIES"> </a></td><td>National registries</td><td/></tr><tr><td style="white-space:nowrap">NAV<a name="DataCategory-NAV"> </a></td><td>Not available</td><td/></tr><tr><td style="white-space:nowrap">OTHER<a name="DataCategory-OTHER"> </a></td><td>other</td><td/></tr><tr><td style="white-space:nowrap">PHYSIOLOGICAL_BIOCHEMICAL_MEASUREMENTS<a name="DataCategory-PHYSIOLOGICAL_BIOCHEMICAL_MEASUREMENTS"> </a></td><td>Physiological/Biochemical measurements</td><td/></tr><tr><td style="white-space:nowrap">SURVEY_DATA<a name="DataCategory-SURVEY_DATA"> </a></td><td>Survey data</td><td/></tr></table></div></text><url value="https://fhir.bbmri.de/CodeSystem/DataCategory"/><version value="0.1.0-beta"/><name value="DataCategory"/><title value="Data Category"/><status value="draft"/><date value="2020-04-03T08:03:12+00:00"/><publisher value="BBMRI.de"/><contact><telecom><system value="url"/><value value="https://www.bbmri.de"/></telecom><telecom><system value="email"/><value value="feedback@germanbiobanknode.de"/></telecom></contact><jurisdiction><coding><system value="http://unstats.un.org/unsd/methods/m49/m49.htm"/><code value="001"/></coding></jurisdiction><caseSensitive value="false"/><content value="complete"/><concept><code value="BIOLOGICAL_SAMPLES"/><display value="Biological samples"/></concept><concept><code value="GENEALOGICAL_RECORDS"/><display value="Genealogical records"/></concept><concept><code value="IMAGING_DATA"/><display value="Imaging data"/></concept><concept><code value="MEDICAL_RECORDS"/><display value="Medical records"/></concept><concept><code value="NATIONAL_REGISTRIES"/><display value="National registries"/></concept><concept><code value="NAV"/><display value="Not available"/></concept><concept><code value="OTHER"/><display value="other"/></concept><concept><code value="PHYSIOLOGICAL_BIOCHEMICAL_MEASUREMENTS"/><display value="Physiological/Biochemical measurements"/></concept><concept><code value="SURVEY_DATA"/><display value="Survey data"/></concept></CodeSystem>