<?xml version="1.0" encoding="UTF-8"?><ImplementationGuide xmlns="http://hl7.org/fhir"><id value="de.bbmri.fhir"/><text><status value="extensions"/><div xmlns="http://www.w3.org/1999/xhtml"><h2>BBMRI_DE_IG</h2><p>The official URL for this implementation guide is: </p><pre>https://fhir.bbmri.de/ImplementationGuide/de.bbmri.fhir</pre><div><p>Profiles for the BBMRI.de / GBA biobanking project.</p>
</div></div></text><url value="https://fhir.bbmri.de/ImplementationGuide/de.bbmri.fhir"/><version value="1.2.0"/><name value="BBMRI_DE_IG"/><title value="BBMRI.de/GBA Implementation Guide"/><status value="active"/><date value="2023-02-08T10:28:33+00:00"/><publisher value="bbmri.de"/><contact><name value="bbmri.de"/><telecom><system value="url"/><value value="bbmri.de"/></telecom><telecom><system value="email"/><value value="feedback@germanbiobanknode.de"/></telecom></contact><description value="Profiles for the BBMRI.de / GBA biobanking project."/><packageId value="de.bbmri.fhir"/><license value="CC-BY-SA-4.0"/><fhirVersion value="4.0.1"/><dependsOn id="hl7tx"><extension url="http://hl7.org/fhir/tools/StructureDefinition/implementationguide-dependency-comment"><valueMarkdown value="Automatically added as a dependency - all IGs depend on HL7 Terminology"/></extension><uri value="http://terminology.hl7.org/ImplementationGuide/hl7.terminology"/><packageId value="hl7.terminology.r4"/><version value="5.0.0"/></dependsOn><dependsOn id="hl7_fhir_uv_ips"><uri value="http://hl7.org/fhir/uv/ips/ImplementationGuide/hl7.fhir.uv.ips"/><packageId value="hl7.fhir.uv.ips"/><version value="0.3.0"/></dependsOn><dependsOn id="de_basisprofil_r4"><uri value="https://simplifier.net/packages/de.basisprofil.r4/0.9.6/files/129540"/><packageId value="de.basisprofil.r4"/><version value="0.9.6"/></dependsOn><definition><extension url="http://hl7.org/fhir/tools/StructureDefinition/ig-parameter"><extension url="code"><valueString value="copyrightyear"/></extension><extension url="value"><valueString value="2020+"/></extension></extension><extension url="http://hl7.org/fhir/tools/StructureDefinition/ig-parameter"><extension url="code"><valueString value="releaselabel"/></extension><extension url="value"><valueString value="CI Build"/></extension></extension><extension url="http://hl7.org/fhir/tools/StructureDefinition/ig-parameter"><extension url="code"><valueString value="show-inherited-invariants"/></extension><extension url="value"><valueString value="false"/></extension></extension><extension url="http://hl7.org/fhir/tools/StructureDefinition/ig-parameter"><extension url="code"><valueString value="path-binary"/></extension><extension url="value"><valueString value="input/other"/></extension></extension><extension url="http://hl7.org/fhir/tools/StructureDefinition/ig-parameter"><extension url="code"><valueString value="autoload-resources"/></extension><extension url="value"><valueString value="true"/></extension></extension><extension url="http://hl7.org/fhir/tools/StructureDefinition/ig-parameter"><extension url="code"><valueString value="path-liquid"/></extension><extension url="value"><valueString value="template/liquid"/></extension></extension><extension url="http://hl7.org/fhir/tools/StructureDefinition/ig-parameter"><extension url="code"><valueString value="path-liquid"/></extension><extension url="value"><valueString value="input/liquid"/></extension></extension><extension url="http://hl7.org/fhir/tools/StructureDefinition/ig-parameter"><extension url="code"><valueString value="path-qa"/></extension><extension url="value"><valueString value="temp/qa"/></extension></extension><extension url="http://hl7.org/fhir/tools/StructureDefinition/ig-parameter"><extension url="code"><valueString value="path-temp"/></extension><extension url="value"><valueString value="temp/pages"/></extension></extension><extension url="http://hl7.org/fhir/tools/StructureDefinition/ig-parameter"><extension url="code"><valueString value="path-output"/></extension><extension url="value"><valueString value="output"/></extension></extension><extension url="http://hl7.org/fhir/tools/StructureDefinition/ig-parameter"><extension url="code"><valueString value="path-suppressed-warnings"/></extension><extension url="value"><valueString value="input/ignoreWarnings.txt"/></extension></extension><extension url="http://hl7.org/fhir/tools/StructureDefinition/ig-parameter"><extension url="code"><valueString value="path-history"/></extension><extension url="value"><valueString value="https://fhir.bbmri.de/history.html"/></extension></extension><extension url="http://hl7.org/fhir/tools/StructureDefinition/ig-parameter"><extension url="code"><valueString value="template-html"/></extension><extension url="value"><valueString value="template-page.html"/></extension></extension><extension url="http://hl7.org/fhir/tools/StructureDefinition/ig-parameter"><extension url="code"><valueString value="template-md"/></extension><extension url="value"><valueString value="template-page-md.html"/></extension></extension><extension url="http://hl7.org/fhir/tools/StructureDefinition/ig-parameter"><extension url="code"><valueString value="apply-contact"/></extension><extension url="value"><valueString value="true"/></extension></extension><extension url="http://hl7.org/fhir/tools/StructureDefinition/ig-parameter"><extension url="code"><valueString value="apply-context"/></extension><extension url="value"><valueString value="true"/></extension></extension><extension url="http://hl7.org/fhir/tools/StructureDefinition/ig-parameter"><extension url="code"><valueString value="apply-copyright"/></extension><extension url="value"><valueString value="true"/></extension></extension><extension url="http://hl7.org/fhir/tools/StructureDefinition/ig-parameter"><extension url="code"><valueString value="apply-jurisdiction"/></extension><extension url="value"><valueString value="true"/></extension></extension><extension url="http://hl7.org/fhir/tools/StructureDefinition/ig-parameter"><extension url="code"><valueString value="apply-license"/></extension><extension url="value"><valueString value="true"/></extension></extension><extension url="http://hl7.org/fhir/tools/StructureDefinition/ig-parameter"><extension url="code"><valueString value="apply-publisher"/></extension><extension url="value"><valueString value="true"/></extension></extension><extension url="http://hl7.org/fhir/tools/StructureDefinition/ig-parameter"><extension url="code"><valueString value="apply-version"/></extension><extension url="value"><valueString value="true"/></extension></extension><extension url="http://hl7.org/fhir/tools/StructureDefinition/ig-parameter"><extension url="code"><valueString value="active-tables"/></extension><extension url="value"><valueString value="true"/></extension></extension><extension url="http://hl7.org/fhir/tools/StructureDefinition/ig-parameter"><extension url="code"><valueString value="fmm-definition"/></extension><extension url="value"><valueString value="http://hl7.org/fhir/versions.html#maturity"/></extension></extension><extension url="http://hl7.org/fhir/tools/StructureDefinition/ig-parameter"><extension url="code"><valueString value="propagate-status"/></extension><extension url="value"><valueString value="true"/></extension></extension><extension url="http://hl7.org/fhir/tools/StructureDefinition/ig-parameter"><extension url="code"><valueString value="excludelogbinaryformat"/></extension><extension url="value"><valueString value="true"/></extension></extension><extension url="http://hl7.org/fhir/tools/StructureDefinition/ig-parameter"><extension url="code"><valueString value="tabbed-snapshots"/></extension><extension url="value"><valueString value="true"/></extension></extension><extension url="http://hl7.org/fhir/tools/StructureDefinition/ig-parameter"><extension url="code"><valueString value="copyrightyear"/></extension><extension url="value"><valueString value="2020+"/></extension></extension><extension url="http://hl7.org/fhir/tools/StructureDefinition/ig-parameter"><extension url="code"><valueString value="releaselabel"/></extension><extension url="value"><valueString value="CI Build"/></extension></extension><extension url="http://hl7.org/fhir/tools/StructureDefinition/ig-parameter"><extension url="code"><valueString value="show-inherited-invariants"/></extension><extension url="value"><valueString value="false"/></extension></extension><extension url="http://hl7.org/fhir/tools/StructureDefinition/ig-parameter"><extension url="code"><valueString value="path-binary"/></extension><extension url="value"><valueString value="input/other"/></extension></extension><extension url="http://hl7.org/fhir/tools/StructureDefinition/ig-parameter"><extension url="code"><valueString value="autoload-resources"/></extension><extension url="value"><valueString value="true"/></extension></extension><extension url="http://hl7.org/fhir/tools/StructureDefinition/ig-parameter"><extension url="code"><valueString value="path-liquid"/></extension><extension url="value"><valueString value="template/liquid"/></extension></extension><extension url="http://hl7.org/fhir/tools/StructureDefinition/ig-parameter"><extension url="code"><valueString value="path-liquid"/></extension><extension url="value"><valueString value="input/liquid"/></extension></extension><extension url="http://hl7.org/fhir/tools/StructureDefinition/ig-parameter"><extension url="code"><valueString value="path-qa"/></extension><extension url="value"><valueString value="temp/qa"/></extension></extension><extension url="http://hl7.org/fhir/tools/StructureDefinition/ig-parameter"><extension url="code"><valueString value="path-temp"/></extension><extension url="value"><valueString value="temp/pages"/></extension></extension><extension url="http://hl7.org/fhir/tools/StructureDefinition/ig-parameter"><extension url="code"><valueString value="path-output"/></extension><extension url="value"><valueString value="output"/></extension></extension><extension url="http://hl7.org/fhir/tools/StructureDefinition/ig-parameter"><extension url="code"><valueString value="path-suppressed-warnings"/></extension><extension url="value"><valueString value="input/ignoreWarnings.txt"/></extension></extension><extension url="http://hl7.org/fhir/tools/StructureDefinition/ig-parameter"><extension url="code"><valueString value="path-history"/></extension><extension url="value"><valueString value="https://fhir.bbmri.de/history.html"/></extension></extension><extension url="http://hl7.org/fhir/tools/StructureDefinition/ig-parameter"><extension url="code"><valueString value="template-html"/></extension><extension url="value"><valueString value="template-page.html"/></extension></extension><extension url="http://hl7.org/fhir/tools/StructureDefinition/ig-parameter"><extension url="code"><valueString value="template-md"/></extension><extension url="value"><valueString value="template-page-md.html"/></extension></extension><extension url="http://hl7.org/fhir/tools/StructureDefinition/ig-parameter"><extension url="code"><valueString value="apply-contact"/></extension><extension url="value"><valueString value="true"/></extension></extension><extension url="http://hl7.org/fhir/tools/StructureDefinition/ig-parameter"><extension url="code"><valueString value="apply-context"/></extension><extension url="value"><valueString value="true"/></extension></extension><extension url="http://hl7.org/fhir/tools/StructureDefinition/ig-parameter"><extension url="code"><valueString value="apply-copyright"/></extension><extension url="value"><valueString value="true"/></extension></extension><extension url="http://hl7.org/fhir/tools/StructureDefinition/ig-parameter"><extension url="code"><valueString value="apply-jurisdiction"/></extension><extension url="value"><valueString value="true"/></extension></extension><extension url="http://hl7.org/fhir/tools/StructureDefinition/ig-parameter"><extension url="code"><valueString value="apply-license"/></extension><extension url="value"><valueString value="true"/></extension></extension><extension url="http://hl7.org/fhir/tools/StructureDefinition/ig-parameter"><extension url="code"><valueString value="apply-publisher"/></extension><extension url="value"><valueString value="true"/></extension></extension><extension url="http://hl7.org/fhir/tools/StructureDefinition/ig-parameter"><extension url="code"><valueString value="apply-version"/></extension><extension url="value"><valueString value="true"/></extension></extension><extension url="http://hl7.org/fhir/tools/StructureDefinition/ig-parameter"><extension url="code"><valueString value="active-tables"/></extension><extension url="value"><valueString value="true"/></extension></extension><extension url="http://hl7.org/fhir/tools/StructureDefinition/ig-parameter"><extension url="code"><valueString value="fmm-definition"/></extension><extension url="value"><valueString value="http://hl7.org/fhir/versions.html#maturity"/></extension></extension><extension url="http://hl7.org/fhir/tools/StructureDefinition/ig-parameter"><extension url="code"><valueString value="propagate-status"/></extension><extension url="value"><valueString value="true"/></extension></extension><extension url="http://hl7.org/fhir/tools/StructureDefinition/ig-parameter"><extension url="code"><valueString value="excludelogbinaryformat"/></extension><extension url="value"><valueString value="true"/></extension></extension><extension url="http://hl7.org/fhir/tools/StructureDefinition/ig-parameter"><extension url="code"><valueString value="tabbed-snapshots"/></extension><extension url="value"><valueString value="true"/></extension></extension><extension url="http://hl7.org/fhir/tools/StructureDefinition/ig-parameter"><extension url="code"><valueString value="copyrightyear"/></extension><extension url="value"><valueString value="2020+"/></extension></extension><extension url="http://hl7.org/fhir/tools/StructureDefinition/ig-parameter"><extension url="code"><valueString value="releaselabel"/></extension><extension url="value"><valueString value="CI Build"/></extension></extension><extension url="http://hl7.org/fhir/tools/StructureDefinition/ig-parameter"><extension url="code"><valueString value="show-inherited-invariants"/></extension><extension url="value"><valueString value="false"/></extension></extension><extension url="http://hl7.org/fhir/tools/StructureDefinition/ig-parameter"><extension url="code"><valueString value="path-binary"/></extension><extension url="value"><valueString value="input/other"/></extension></extension><extension url="http://hl7.org/fhir/tools/StructureDefinition/ig-parameter"><extension url="code"><valueString value="autoload-resources"/></extension><extension url="value"><valueString value="true"/></extension></extension><extension url="http://hl7.org/fhir/tools/StructureDefinition/ig-parameter"><extension url="code"><valueString value="path-liquid"/></extension><extension url="value"><valueString value="template/liquid"/></extension></extension><extension url="http://hl7.org/fhir/tools/StructureDefinition/ig-parameter"><extension url="code"><valueString value="path-liquid"/></extension><extension url="value"><valueString value="input/liquid"/></extension></extension><extension url="http://hl7.org/fhir/tools/StructureDefinition/ig-parameter"><extension url="code"><valueString value="path-qa"/></extension><extension url="value"><valueString value="temp/qa"/></extension></extension><extension url="http://hl7.org/fhir/tools/StructureDefinition/ig-parameter"><extension url="code"><valueString value="path-temp"/></extension><extension url="value"><valueString value="temp/pages"/></extension></extension><extension url="http://hl7.org/fhir/tools/StructureDefinition/ig-parameter"><extension url="code"><valueString value="path-output"/></extension><extension url="value"><valueString value="output"/></extension></extension><extension url="http://hl7.org/fhir/tools/StructureDefinition/ig-parameter"><extension url="code"><valueString value="path-suppressed-warnings"/></extension><extension url="value"><valueString value="input/ignoreWarnings.txt"/></extension></extension><extension url="http://hl7.org/fhir/tools/StructureDefinition/ig-parameter"><extension url="code"><valueString value="path-history"/></extension><extension url="value"><valueString value="https://fhir.bbmri.de/history.html"/></extension></extension><extension url="http://hl7.org/fhir/tools/StructureDefinition/ig-parameter"><extension url="code"><valueString value="template-html"/></extension><extension url="value"><valueString value="template-page.html"/></extension></extension><extension url="http://hl7.org/fhir/tools/StructureDefinition/ig-parameter"><extension url="code"><valueString value="template-md"/></extension><extension url="value"><valueString value="template-page-md.html"/></extension></extension><extension url="http://hl7.org/fhir/tools/StructureDefinition/ig-parameter"><extension url="code"><valueString value="apply-contact"/></extension><extension url="value"><valueString value="true"/></extension></extension><extension url="http://hl7.org/fhir/tools/StructureDefinition/ig-parameter"><extension url="code"><valueString value="apply-context"/></extension><extension url="value"><valueString value="true"/></extension></extension><extension url="http://hl7.org/fhir/tools/StructureDefinition/ig-parameter"><extension url="code"><valueString value="apply-copyright"/></extension><extension url="value"><valueString value="true"/></extension></extension><extension url="http://hl7.org/fhir/tools/StructureDefinition/ig-parameter"><extension url="code"><valueString value="apply-jurisdiction"/></extension><extension url="value"><valueString value="true"/></extension></extension><extension url="http://hl7.org/fhir/tools/StructureDefinition/ig-parameter"><extension url="code"><valueString value="apply-license"/></extension><extension url="value"><valueString value="true"/></extension></extension><extension url="http://hl7.org/fhir/tools/StructureDefinition/ig-parameter"><extension url="code"><valueString value="apply-publisher"/></extension><extension url="value"><valueString value="true"/></extension></extension><extension url="http://hl7.org/fhir/tools/StructureDefinition/ig-parameter"><extension url="code"><valueString value="apply-version"/></extension><extension url="value"><valueString value="true"/></extension></extension><extension url="http://hl7.org/fhir/tools/StructureDefinition/ig-parameter"><extension url="code"><valueString value="active-tables"/></extension><extension url="value"><valueString value="true"/></extension></extension><extension url="http://hl7.org/fhir/tools/StructureDefinition/ig-parameter"><extension url="code"><valueString value="fmm-definition"/></extension><extension url="value"><valueString value="http://hl7.org/fhir/versions.html#maturity"/></extension></extension><extension url="http://hl7.org/fhir/tools/StructureDefinition/ig-parameter"><extension url="code"><valueString value="propagate-status"/></extension><extension url="value"><valueString value="true"/></extension></extension><extension url="http://hl7.org/fhir/tools/StructureDefinition/ig-parameter"><extension url="code"><valueString value="excludelogbinaryformat"/></extension><extension url="value"><valueString value="true"/></extension></extension><extension url="http://hl7.org/fhir/tools/StructureDefinition/ig-parameter"><extension url="code"><valueString value="tabbed-snapshots"/></extension><extension url="value"><valueString value="true"/></extension></extension><grouping id="-ka-measure"><name value="Knowledge Artifacts: Measure"/><description value="These define measures as part of content in this implementation guide."/></grouping><grouping id="-ka-library"><name value="Knowledge Artifacts: Libraries"/><description value="These define logic, asset collections and other libraries as part of content in this implementation guide."/></grouping><grouping id="-str-profile"><name value="Structures: Resource Profiles"/><description value="These define constraints on FHIR resources for systems conforming to this implementation guide."/></grouping><grouping id="-str-extension"><name value="Structures: Extension Definitions"/><description value="These define constraints on FHIR data types for systems conforming to this implementation guide."/></grouping><grouping id="-term-valueset"><name value="Terminology: Value Sets"/><description value="These define sets of codes used by systems conforming to this implementation guide."/></grouping><grouping id="-term-codesystem"><name value="Terminology: Code Systems"/><description value="These define new code systems used by systems conforming to this implementation guide."/></grouping><grouping id="-ex-example"><name value="Example: Example Instances"/><description value="These are example instances that show what data produced and consumed by systems conforming with this implementation guide might look like."/></grouping><resource><extension url="http://hl7.org/fhir/StructureDefinition/implementationguide-page"><valueUri value="StructureDefinition-TobaccoUse.html"/></extension><reference><reference value="StructureDefinition/TobaccoUse"/></reference><name value="TobaccoUse"/><description value="Tobacco use"/><exampleBoolean value="false"/><groupingId value="-str-profile"/></resource><resource><extension url="http://hl7.org/fhir/StructureDefinition/implementationguide-page"><valueUri value="StructureDefinition-SampleDiagnosis.html"/></extension><reference><reference value="StructureDefinition/SampleDiagnosis"/></reference><name value="Sample Diagnosis"/><exampleBoolean value="false"/><groupingId value="-str-extension"/></resource><resource><extension url="http://hl7.org/fhir/StructureDefinition/implementationguide-page"><valueUri value="CodeSystem-BiobankCapabilities.html"/></extension><reference><reference value="CodeSystem/BiobankCapabilities"/></reference><name value="Biobank Capabilities"/><exampleBoolean value="false"/><groupingId value="-term-codesystem"/></resource><resource><extension url="http://hl7.org/fhir/StructureDefinition/implementationguide-page"><valueUri value="CodeSystem-CollectionType.html"/></extension><reference><reference value="CodeSystem/CollectionType"/></reference><name value="Collection Type"/><exampleBoolean value="false"/><groupingId value="-term-codesystem"/></resource><resource><extension url="http://hl7.org/fhir/StructureDefinition/implementationguide-page"><valueUri value="CodeSystem-ContactType.html"/></extension><reference><reference value="CodeSystem/ContactType"/></reference><name value="Contact Type"/><exampleBoolean value="false"/><groupingId value="-term-codesystem"/></resource><resource><extension url="http://hl7.org/fhir/StructureDefinition/implementationguide-page"><valueUri value="CodeSystem-DataCategory.html"/></extension><reference><reference value="CodeSystem/DataCategory"/></reference><name value="Data Category"/><exampleBoolean value="false"/><groupingId value="-term-codesystem"/></resource><resource><extension url="http://hl7.org/fhir/StructureDefinition/implementationguide-page"><valueUri value="CodeSystem-OtherSampleDiagnosis.html"/></extension><reference><reference value="CodeSystem/OtherSampleDiagnosis"/></reference><name value="Other Sample Diagnosis"/><description value="Contains the additional (not contained in ICD-10) codes needed for coding the MIABIS Sample Diagnosis plus a non-MIABIS code for indicating tumor material without a specific diagnosis."/><exampleBoolean value="false"/><groupingId value="-term-codesystem"/></resource><resource><extension url="http://hl7.org/fhir/StructureDefinition/implementationguide-page"><valueUri value="CodeSystem-QualityStandard.html"/></extension><reference><reference value="CodeSystem/QualityStandard"/></reference><name value="Quality Standard"/><exampleBoolean value="false"/><groupingId value="-term-codesystem"/></resource><resource><extension url="http://hl7.org/fhir/StructureDefinition/implementationguide-page"><valueUri value="CodeSystem-ResourceType.html"/></extension><reference><reference value="CodeSystem/ResourceType"/></reference><name value="Resource Type"/><description value="Types of resources that may be governed by a biobank or its collections"/><exampleBoolean value="false"/><groupingId value="-term-codesystem"/></resource><resource><extension url="http://hl7.org/fhir/StructureDefinition/implementationguide-page"><valueUri value="CodeSystem-SampleMaterialType.html"/></extension><reference><reference value="CodeSystem/SampleMaterialType"/></reference><name value="Sample Material Type"/><description value="The type of material the sample consists of."/><exampleBoolean value="false"/><groupingId value="-term-codesystem"/></resource><resource><extension url="http://hl7.org/fhir/StructureDefinition/implementationguide-page"><valueUri value="CodeSystem-StorageTemperature.html"/></extension><reference><reference value="CodeSystem/StorageTemperature"/></reference><name value="Storage Temperature"/><exampleBoolean value="false"/><groupingId value="-term-codesystem"/></resource><resource><extension url="http://hl7.org/fhir/StructureDefinition/implementationguide-page"><valueUri value="Library-PatientQualityReports.html"/></extension><reference><reference value="Library/PatientQualityReports"/></reference><name value="Patient Quality Reports"/><description value="This library contains various expressions used in different patient related quality reports."/><exampleBoolean value="false"/><groupingId value="-ka-library"/></resource><resource><extension url="http://hl7.org/fhir/StructureDefinition/implementationguide-page"><valueUri value="Library-SpecimenQualityReports.html"/></extension><reference><reference value="Library/SpecimenQualityReports"/></reference><name value="Specimen Quality Reports"/><description value="This library contains various expressions used in different specimen related quality reports."/><exampleBoolean value="false"/><groupingId value="-ka-library"/></resource><resource><extension url="http://hl7.org/fhir/StructureDefinition/implementationguide-page"><valueUri value="Measure-PatientQualityReports.html"/></extension><reference><reference value="Measure/PatientQualityReports"/></reference><name value="Patient Quality Reports"/><description value="This measure contains various patient related stratifiers to help to evaluate data quality."/><exampleBoolean value="false"/><groupingId value="-ka-measure"/></resource><resource><extension url="http://hl7.org/fhir/StructureDefinition/implementationguide-page"><valueUri value="Measure-SpecimenQualityReports.html"/></extension><reference><reference value="Measure/SpecimenQualityReports"/></reference><name value="Specimen Quality Reports"/><description value="This measure contains various specimen related stratifiers to help to evaluate data quality."/><exampleBoolean value="false"/><groupingId value="-ka-measure"/></resource><resource><extension url="http://hl7.org/fhir/StructureDefinition/implementationguide-page"><valueUri value="StructureDefinition-AccessPolicy.html"/></extension><reference><reference value="StructureDefinition/AccessPolicy"/></reference><name value="Access Policy"/><exampleBoolean value="false"/><groupingId value="-str-extension"/></resource><resource><extension url="http://hl7.org/fhir/StructureDefinition/implementationguide-page"><valueUri value="StructureDefinition-Biobank.html"/></extension><reference><reference value="StructureDefinition/Biobank"/></reference><name value="Biobank"/><exampleBoolean value="false"/><groupingId value="-str-profile"/></resource><resource><extension url="http://hl7.org/fhir/StructureDefinition/implementationguide-page"><valueUri value="StructureDefinition-BioresourceReference.html"/></extension><reference><reference value="StructureDefinition/BioresourceReference"/></reference><name value="Bioresource Reference"/><exampleBoolean value="false"/><groupingId value="-str-extension"/></resource><resource><extension url="http://hl7.org/fhir/StructureDefinition/implementationguide-page"><valueUri value="StructureDefinition-Bmi.html"/></extension><reference><reference value="StructureDefinition/Bmi"/></reference><name value="BMI"/><exampleBoolean value="false"/><groupingId value="-str-profile"/></resource><resource><extension url="http://hl7.org/fhir/StructureDefinition/implementationguide-page"><valueUri value="StructureDefinition-BodyHeight.html"/></extension><reference><reference value="StructureDefinition/BodyHeight"/></reference><name value="Body Height"/><exampleBoolean value="false"/><groupingId value="-str-profile"/></resource><resource><extension url="http://hl7.org/fhir/StructureDefinition/implementationguide-page"><valueUri value="StructureDefinition-BodyWeight.html"/></extension><reference><reference value="StructureDefinition/BodyWeight"/></reference><name value="Body Weight"/><exampleBoolean value="false"/><groupingId value="-str-profile"/></resource><resource><extension url="http://hl7.org/fhir/StructureDefinition/implementationguide-page"><valueUri value="StructureDefinition-Capabilities.html"/></extension><reference><reference value="StructureDefinition/Capabilities"/></reference><name value="Capabilities"/><exampleBoolean value="false"/><groupingId value="-str-extension"/></resource><resource><extension url="http://hl7.org/fhir/StructureDefinition/implementationguide-page"><valueUri value="StructureDefinition-CauseOfDeath.html"/></extension><reference><reference value="StructureDefinition/CauseOfDeath"/></reference><name value="Cause of Death"/><exampleBoolean value="false"/><groupingId value="-str-profile"/></resource><resource><extension url="http://hl7.org/fhir/StructureDefinition/implementationguide-page"><valueUri value="StructureDefinition-Collaboration.html"/></extension><reference><reference value="StructureDefinition/Collaboration"/></reference><name value="Collaboration"/><exampleBoolean value="false"/><groupingId value="-str-extension"/></resource><resource><extension url="http://hl7.org/fhir/StructureDefinition/implementationguide-page"><valueUri value="StructureDefinition-Collection.html"/></extension><reference><reference value="StructureDefinition/Collection"/></reference><name value="Collection"/><exampleBoolean value="false"/><groupingId value="-str-profile"/></resource><resource><extension url="http://hl7.org/fhir/StructureDefinition/implementationguide-page"><valueUri value="StructureDefinition-CollectionType.html"/></extension><reference><reference value="StructureDefinition/CollectionType"/></reference><name value="Collection Type"/><description value="The type of sample collections governed by the Organization."/><exampleBoolean value="false"/><groupingId value="-str-extension"/></resource><resource><extension url="http://hl7.org/fhir/StructureDefinition/implementationguide-page"><valueUri value="StructureDefinition-Condition.html"/></extension><reference><reference value="StructureDefinition/Condition"/></reference><name value="Condition"/><exampleBoolean value="false"/><groupingId value="-str-profile"/></resource><resource><extension url="http://hl7.org/fhir/StructureDefinition/implementationguide-page"><valueUri value="StructureDefinition-ContactRole.html"/></extension><reference><reference value="StructureDefinition/ContactRole"/></reference><name value="Contact Role"/><exampleBoolean value="false"/><groupingId value="-str-extension"/></resource><resource><extension url="http://hl7.org/fhir/StructureDefinition/implementationguide-page"><valueUri value="StructureDefinition-Custodian.html"/></extension><reference><reference value="StructureDefinition/Custodian"/></reference><name value="Custodian"/><exampleBoolean value="false"/><groupingId value="-str-extension"/></resource><resource><extension url="http://hl7.org/fhir/StructureDefinition/implementationguide-page"><valueUri value="StructureDefinition-DataCategory.html"/></extension><reference><reference value="StructureDefinition/DataCategory"/></reference><name value="Data Category"/><description value="The categories of data that are available as part of the collection"/><exampleBoolean value="false"/><groupingId value="-str-extension"/></resource><resource><extension url="http://hl7.org/fhir/StructureDefinition/implementationguide-page"><valueUri value="StructureDefinition-ITSupport.html"/></extension><reference><reference value="StructureDefinition/ITSupport"/></reference><name value="IT Support"/><exampleBoolean value="false"/><groupingId value="-str-extension"/></resource><resource><extension url="http://hl7.org/fhir/StructureDefinition/implementationguide-page"><valueUri value="StructureDefinition-IdCard.html"/></extension><reference><reference value="StructureDefinition/IdCard"/></reference><name value="ID Card"/><exampleBoolean value="false"/><groupingId value="-str-extension"/></resource><resource><extension url="http://hl7.org/fhir/StructureDefinition/implementationguide-page"><valueUri value="StructureDefinition-JuridicalPerson.html"/></extension><reference><reference value="StructureDefinition/JuridicalPerson"/></reference><name value="Juridical Person"/><description value="Name of the legal entity of the organization"/><exampleBoolean value="false"/><groupingId value="-str-extension"/></resource><resource><extension url="http://hl7.org/fhir/StructureDefinition/implementationguide-page"><valueUri value="StructureDefinition-NetworkMembership.html"/></extension><reference><reference value="StructureDefinition/NetworkMembership"/></reference><name value="Network Membership"/><description value="Resource representing the membership of a biobank in a biobank network"/><exampleBoolean value="false"/><groupingId value="-str-profile"/></resource><resource><extension url="http://hl7.org/fhir/StructureDefinition/implementationguide-page"><valueUri value="StructureDefinition-OrganizationDescription.html"/></extension><reference><reference value="StructureDefinition/OrganizationDescription"/></reference><name value="Organization Description"/><description value="Description of the organization in English"/><exampleBoolean value="false"/><groupingId value="-str-extension"/></resource><resource><extension url="http://hl7.org/fhir/StructureDefinition/implementationguide-page"><valueUri value="StructureDefinition-PartnerCharterSigned.html"/></extension><reference><reference value="StructureDefinition/PartnerCharterSigned"/></reference><name value="Partner Charter Signed"/><exampleBoolean value="false"/><groupingId value="-str-extension"/></resource><resource><extension url="http://hl7.org/fhir/StructureDefinition/implementationguide-page"><valueUri value="StructureDefinition-Patient.html"/></extension><reference><reference value="StructureDefinition/Patient"/></reference><name value="Patient"/><description value="Resoure representing a sample donor"/><exampleBoolean value="false"/><groupingId value="-str-profile"/></resource><resource><extension url="http://hl7.org/fhir/StructureDefinition/implementationguide-page"><valueUri value="StructureDefinition-QualityStandard.html"/></extension><reference><reference value="StructureDefinition/QualityStandard"/></reference><name value="Quality Standard"/><description value="Organization quality assessment"/><exampleBoolean value="false"/><groupingId value="-str-extension"/></resource><resource><extension url="http://hl7.org/fhir/StructureDefinition/implementationguide-page"><valueUri value="StructureDefinition-ResourceManagement.html"/></extension><reference><reference value="StructureDefinition/ResourceManagement"/></reference><name value="Resource Management"/><exampleBoolean value="false"/><groupingId value="-str-extension"/></resource><resource><extension url="http://hl7.org/fhir/StructureDefinition/implementationguide-page"><valueUri value="StructureDefinition-Specimen.html"/></extension><reference><reference value="StructureDefinition/Specimen"/></reference><name value="Specimen"/><exampleBoolean value="false"/><groupingId value="-str-profile"/></resource><resource><extension url="http://hl7.org/fhir/StructureDefinition/implementationguide-page"><valueUri value="StructureDefinition-StorageTemperature.html"/></extension><reference><reference value="StructureDefinition/StorageTemperature"/></reference><name value="Storage Temperature"/><exampleBoolean value="false"/><groupingId value="-str-extension"/></resource><resource><extension url="http://hl7.org/fhir/StructureDefinition/implementationguide-page"><valueUri value="StructureDefinition-ParentCollection.html"/></extension><reference><reference value="StructureDefinition/ParentCollection"/></reference><name value="Parent Collection"/><exampleBoolean value="false"/><groupingId value="-str-extension"/></resource><resource><extension url="http://hl7.org/fhir/StructureDefinition/implementationguide-page"><valueUri value="ValueSet-BiobankCapabilities.html"/></extension><reference><reference value="ValueSet/BiobankCapabilities"/></reference><name value="Biobank Capabilities"/><exampleBoolean value="false"/><groupingId value="-term-valueset"/></resource><resource><extension url="http://hl7.org/fhir/StructureDefinition/implementationguide-page"><valueUri value="ValueSet-CollectionType.html"/></extension><reference><reference value="ValueSet/CollectionType"/></reference><name value="Collection Type"/><exampleBoolean value="false"/><groupingId value="-term-valueset"/></resource><resource><extension url="http://hl7.org/fhir/StructureDefinition/implementationguide-page"><valueUri value="ValueSet-DataCategory.html"/></extension><reference><reference value="ValueSet/DataCategory"/></reference><name value="Data Category"/><exampleBoolean value="false"/><groupingId value="-term-valueset"/></resource><resource><extension url="http://hl7.org/fhir/StructureDefinition/implementationguide-page"><valueUri value="ValueSet-OtherSampleDiagnosis.html"/></extension><reference><reference value="ValueSet/OtherSampleDiagnosis"/></reference><name value="other sample diagnosis"/><exampleBoolean value="false"/><groupingId value="-term-valueset"/></resource><resource><extension url="http://hl7.org/fhir/StructureDefinition/implementationguide-page"><valueUri value="ValueSet-QualityStandard.html"/></extension><reference><reference value="ValueSet/QualityStandard"/></reference><name value="Quality Standard"/><exampleBoolean value="false"/><groupingId value="-term-valueset"/></resource><resource><extension url="http://hl7.org/fhir/StructureDefinition/implementationguide-page"><valueUri value="ValueSet-ResourceType.html"/></extension><reference><reference value="ValueSet/ResourceType"/></reference><name value="Resource Type"/><exampleBoolean value="false"/><groupingId value="-term-valueset"/></resource><resource><extension url="http://hl7.org/fhir/StructureDefinition/implementationguide-page"><valueUri value="ValueSet-SampleMaterialType.html"/></extension><reference><reference value="ValueSet/SampleMaterialType"/></reference><name value="Sample Material Type"/><exampleBoolean value="false"/><groupingId value="-term-valueset"/></resource><resource><extension url="http://hl7.org/fhir/StructureDefinition/implementationguide-page"><valueUri value="ValueSet-StorageTemperature.html"/></extension><reference><reference value="ValueSet/StorageTemperature"/></reference><name value="Storage Temperature"/><exampleBoolean value="false"/><groupingId value="-term-valueset"/></resource><resource><extension url="http://hl7.org/fhir/StructureDefinition/implementationguide-page"><valueUri value="Bundle-53ef12a3-1e31-4fc1-adf6-9d30dc6c4784.html"/></extension><reference><reference value="Bundle/53ef12a3-1e31-4fc1-adf6-9d30dc6c4784"/></reference><name value="53ef12a3-1e31-4fc1-adf6-9d30dc6c4784"/><exampleBoolean value="true"/><groupingId value="-ex-example"/></resource><resource><extension url="http://hl7.org/fhir/StructureDefinition/implementationguide-page"><valueUri value="Observation-0-bmi.html"/></extension><reference><reference value="Observation/0-bmi"/></reference><name value="0-bmi"/><exampleCanonical value="https://fhir.bbmri.de/StructureDefinition/Bmi"/><groupingId value="-ex-example"/></resource><resource><extension url="http://hl7.org/fhir/StructureDefinition/implementationguide-page"><valueUri value="Observation-0-body-height.html"/></extension><reference><reference value="Observation/0-body-height"/></reference><name value="0-body-height"/><exampleCanonical value="https://fhir.bbmri.de/StructureDefinition/BodyHeight"/><groupingId value="-ex-example"/></resource><resource><extension url="http://hl7.org/fhir/StructureDefinition/implementationguide-page"><valueUri value="Observation-0-body-weight.html"/></extension><reference><reference value="Observation/0-body-weight"/></reference><name value="0-body-weight"/><exampleCanonical value="https://fhir.bbmri.de/StructureDefinition/BodyWeight"/><groupingId value="-ex-example"/></resource><resource><extension url="http://hl7.org/fhir/StructureDefinition/implementationguide-page"><valueUri value="Observation-0-tobacco-use.html"/></extension><reference><reference value="Observation/0-tobacco-use"/></reference><name value="0-tobacco-use"/><exampleCanonical value="https://fhir.bbmri.de/StructureDefinition/TobaccoUse"/><groupingId value="-ex-example"/></resource><resource><extension url="http://hl7.org/fhir/StructureDefinition/implementationguide-page"><valueUri value="OrganizationAffiliation-example.html"/></extension><reference><reference value="OrganizationAffiliation/example"/></reference><name value="example"/><exampleBoolean value="true"/><groupingId value="-ex-example"/></resource><resource><extension url="http://hl7.org/fhir/StructureDefinition/implementationguide-page"><valueUri value="Patient-0.html"/></extension><reference><reference value="Patient/0"/></reference><name value="0"/><exampleCanonical value="https://fhir.bbmri.de/StructureDefinition/Patient"/><groupingId value="-ex-example"/></resource><resource><extension url="http://hl7.org/fhir/StructureDefinition/implementationguide-page"><valueUri value="Specimen-0-specimen.html"/></extension><reference><reference value="Specimen/0-specimen"/></reference><name value="0-specimen"/><exampleCanonical value="https://fhir.bbmri.de/StructureDefinition/Specimen"/><groupingId value="-ex-example"/></resource><resource><extension url="http://hl7.org/fhir/StructureDefinition/implementationguide-page"><valueUri value="Organization-exampleBiobank.html"/></extension><reference><reference value="Organization/exampleBiobank"/></reference><name value="exampleBiobank"/><exampleCanonical value="https://fhir.bbmri.de/StructureDefinition/Biobank"/><groupingId value="-ex-example"/></resource><resource><extension url="http://hl7.org/fhir/StructureDefinition/implementationguide-page"><valueUri value="Organization-exampleCollection.html"/></extension><reference><reference value="Organization/exampleCollection"/></reference><name value="exampleCollection"/><exampleCanonical value="https://fhir.bbmri.de/StructureDefinition/Collection"/><groupingId value="-ex-example"/></resource><resource><extension url="http://hl7.org/fhir/StructureDefinition/implementationguide-page"><valueUri value="Organization-exampleCollectionRD.html"/></extension><reference><reference value="Organization/exampleCollectionRD"/></reference><name value="exampleCollectionRD"/><exampleCanonical value="https://fhir.bbmri.de/StructureDefinition/Collection"/><groupingId value="-ex-example"/></resource><page><extension url="http://hl7.org/fhir/tools/StructureDefinition/ig-page-name"><valueUrl value="toc.html"/></extension><nameUrl value="toc.html"/><title value="Table of Contents"/><generation value="html"/><page><extension url="http://hl7.org/fhir/tools/StructureDefinition/ig-page-name"><valueUrl value="index.html"/></extension><nameUrl value="index.html"/><title value="IG Home"/><generation value="markdown"/></page><page><extension url="http://hl7.org/fhir/tools/StructureDefinition/ig-page-name"><valueUrl value="overview.html"/></extension><nameUrl value="overview.html"/><title value="Overview"/><generation value="markdown"/></page><page><extension url="http://hl7.org/fhir/tools/StructureDefinition/ig-page-name"><valueUrl value="background.html"/></extension><nameUrl value="background.html"/><title value="Background"/><generation value="markdown"/></page><page><extension url="http://hl7.org/fhir/tools/StructureDefinition/ig-page-name"><valueUrl value="howtoJoin.html"/></extension><nameUrl value="howtoJoin.html"/><title value="How To Join"/><generation value="markdown"/></page><page><extension url="http://hl7.org/fhir/tools/StructureDefinition/ig-page-name"><valueUrl value="mappings.html"/></extension><nameUrl value="mappings.html"/><title value="Mappings"/><generation value="markdown"/></page><page><extension url="http://hl7.org/fhir/tools/StructureDefinition/ig-page-name"><valueUrl value="referencedIGs.html"/></extension><nameUrl value="referencedIGs.html"/><title value="Referenced IGs"/><generation value="markdown"/></page><page><extension url="http://hl7.org/fhir/tools/StructureDefinition/ig-page-name"><valueUrl value="support.html"/></extension><nameUrl value="support.html"/><title value="Instructions"/><generation value="markdown"/></page><page><extension url="http://hl7.org/fhir/tools/StructureDefinition/ig-page-name"><valueUrl value="etlTalend.html"/></extension><nameUrl value="etlTalend.html"/><title value="Build ETL with TOS"/><generation value="markdown"/></page><page><extension url="http://hl7.org/fhir/tools/StructureDefinition/ig-page-name"><valueUrl value="qualityMeasures.html"/></extension><nameUrl value="qualityMeasures.html"/><title value="Quality Measures"/><generation value="markdown"/></page><page><extension url="http://hl7.org/fhir/tools/StructureDefinition/ig-page-name"><valueUrl value="downloads.html"/></extension><nameUrl value="downloads.html"/><title value="Downloads"/><generation value="html"/></page><page><extension url="http://hl7.org/fhir/tools/StructureDefinition/ig-page-name"><valueUrl value="artifacts.html"/></extension><nameUrl value="artifacts.html"/><title value="Artifacts Summary"/><generation value="html"/><page><extension url="http://hl7.org/fhir/tools/StructureDefinition/ig-page-name"><valueUrl value="Measure-PatientQualityReports.html"/></extension><nameUrl value="Measure-PatientQualityReports.html"/><title value="Patient Quality Reports"/><generation value="generated"/></page><page><extension url="http://hl7.org/fhir/tools/StructureDefinition/ig-page-name"><valueUrl value="Measure-SpecimenQualityReports.html"/></extension><nameUrl value="Measure-SpecimenQualityReports.html"/><title value="Specimen Quality Reports"/><generation value="generated"/></page><page><extension url="http://hl7.org/fhir/tools/StructureDefinition/ig-page-name"><valueUrl value="Library-PatientQualityReports.html"/></extension><nameUrl value="Library-PatientQualityReports.html"/><title value="Patient Quality Reports"/><generation value="generated"/></page><page><extension url="http://hl7.org/fhir/tools/StructureDefinition/ig-page-name"><valueUrl value="Library-SpecimenQualityReports.html"/></extension><nameUrl value="Library-SpecimenQualityReports.html"/><title value="Specimen Quality Reports"/><generation value="generated"/></page><page><extension url="http://hl7.org/fhir/tools/StructureDefinition/ig-page-name"><valueUrl value="StructureDefinition-TobaccoUse.html"/></extension><nameUrl value="StructureDefinition-TobaccoUse.html"/><title value="TobaccoUse"/><generation value="generated"/></page><page><extension url="http://hl7.org/fhir/tools/StructureDefinition/ig-page-name"><valueUrl value="StructureDefinition-Biobank.html"/></extension><nameUrl value="StructureDefinition-Biobank.html"/><title value="Biobank"/><generation value="generated"/></page><page><extension url="http://hl7.org/fhir/tools/StructureDefinition/ig-page-name"><valueUrl value="StructureDefinition-Bmi.html"/></extension><nameUrl value="StructureDefinition-Bmi.html"/><title value="BMI"/><generation value="generated"/></page><page><extension url="http://hl7.org/fhir/tools/StructureDefinition/ig-page-name"><valueUrl value="StructureDefinition-BodyHeight.html"/></extension><nameUrl value="StructureDefinition-BodyHeight.html"/><title value="Body Height"/><generation value="generated"/></page><page><extension url="http://hl7.org/fhir/tools/StructureDefinition/ig-page-name"><valueUrl value="StructureDefinition-BodyWeight.html"/></extension><nameUrl value="StructureDefinition-BodyWeight.html"/><title value="Body Weight"/><generation value="generated"/></page><page><extension url="http://hl7.org/fhir/tools/StructureDefinition/ig-page-name"><valueUrl value="StructureDefinition-CauseOfDeath.html"/></extension><nameUrl value="StructureDefinition-CauseOfDeath.html"/><title value="Cause of Death"/><generation value="generated"/></page><page><extension url="http://hl7.org/fhir/tools/StructureDefinition/ig-page-name"><valueUrl value="StructureDefinition-Collection.html"/></extension><nameUrl value="StructureDefinition-Collection.html"/><title value="Collection"/><generation value="generated"/></page><page><extension url="http://hl7.org/fhir/tools/StructureDefinition/ig-page-name"><valueUrl value="StructureDefinition-Condition.html"/></extension><nameUrl value="StructureDefinition-Condition.html"/><title value="Condition"/><generation value="generated"/></page><page><extension url="http://hl7.org/fhir/tools/StructureDefinition/ig-page-name"><valueUrl value="StructureDefinition-NetworkMembership.html"/></extension><nameUrl value="StructureDefinition-NetworkMembership.html"/><title value="Network Membership"/><generation value="generated"/></page><page><extension url="http://hl7.org/fhir/tools/StructureDefinition/ig-page-name"><valueUrl value="StructureDefinition-Patient.html"/></extension><nameUrl value="StructureDefinition-Patient.html"/><title value="Patient"/><generation value="generated"/></page><page><extension url="http://hl7.org/fhir/tools/StructureDefinition/ig-page-name"><valueUrl value="StructureDefinition-Specimen.html"/></extension><nameUrl value="StructureDefinition-Specimen.html"/><title value="Specimen"/><generation value="generated"/></page><page><extension url="http://hl7.org/fhir/tools/StructureDefinition/ig-page-name"><valueUrl value="StructureDefinition-SampleDiagnosis.html"/></extension><nameUrl value="StructureDefinition-SampleDiagnosis.html"/><title value="Sample Diagnosis"/><generation value="generated"/></page><page><extension url="http://hl7.org/fhir/tools/StructureDefinition/ig-page-name"><valueUrl value="StructureDefinition-AccessPolicy.html"/></extension><nameUrl value="StructureDefinition-AccessPolicy.html"/><title value="Access Policy"/><generation value="generated"/></page><page><extension url="http://hl7.org/fhir/tools/StructureDefinition/ig-page-name"><valueUrl value="StructureDefinition-BioresourceReference.html"/></extension><nameUrl value="StructureDefinition-BioresourceReference.html"/><title value="Bioresource Reference"/><generation value="generated"/></page><page><extension url="http://hl7.org/fhir/tools/StructureDefinition/ig-page-name"><valueUrl value="StructureDefinition-Capabilities.html"/></extension><nameUrl value="StructureDefinition-Capabilities.html"/><title value="Capabilities"/><generation value="generated"/></page><page><extension url="http://hl7.org/fhir/tools/StructureDefinition/ig-page-name"><valueUrl value="StructureDefinition-Collaboration.html"/></extension><nameUrl value="StructureDefinition-Collaboration.html"/><title value="Collaboration"/><generation value="generated"/></page><page><extension url="http://hl7.org/fhir/tools/StructureDefinition/ig-page-name"><valueUrl value="StructureDefinition-CollectionType.html"/></extension><nameUrl value="StructureDefinition-CollectionType.html"/><title value="Collection Type"/><generation value="generated"/></page><page><extension url="http://hl7.org/fhir/tools/StructureDefinition/ig-page-name"><valueUrl value="StructureDefinition-ContactRole.html"/></extension><nameUrl value="StructureDefinition-ContactRole.html"/><title value="Contact Role"/><generation value="generated"/></page><page><extension url="http://hl7.org/fhir/tools/StructureDefinition/ig-page-name"><valueUrl value="StructureDefinition-Custodian.html"/></extension><nameUrl value="StructureDefinition-Custodian.html"/><title value="Custodian"/><generation value="generated"/></page><page><extension url="http://hl7.org/fhir/tools/StructureDefinition/ig-page-name"><valueUrl value="StructureDefinition-DataCategory.html"/></extension><nameUrl value="StructureDefinition-DataCategory.html"/><title value="Data Category"/><generation value="generated"/></page><page><extension url="http://hl7.org/fhir/tools/StructureDefinition/ig-page-name"><valueUrl value="StructureDefinition-ITSupport.html"/></extension><nameUrl value="StructureDefinition-ITSupport.html"/><title value="IT Support"/><generation value="generated"/></page><page><extension url="http://hl7.org/fhir/tools/StructureDefinition/ig-page-name"><valueUrl value="StructureDefinition-IdCard.html"/></extension><nameUrl value="StructureDefinition-IdCard.html"/><title value="ID Card"/><generation value="generated"/></page><page><extension url="http://hl7.org/fhir/tools/StructureDefinition/ig-page-name"><valueUrl value="StructureDefinition-JuridicalPerson.html"/></extension><nameUrl value="StructureDefinition-JuridicalPerson.html"/><title value="Juridical Person"/><generation value="generated"/></page><page><extension url="http://hl7.org/fhir/tools/StructureDefinition/ig-page-name"><valueUrl value="StructureDefinition-OrganizationDescription.html"/></extension><nameUrl value="StructureDefinition-OrganizationDescription.html"/><title value="Organization Description"/><generation value="generated"/></page><page><extension url="http://hl7.org/fhir/tools/StructureDefinition/ig-page-name"><valueUrl value="StructureDefinition-PartnerCharterSigned.html"/></extension><nameUrl value="StructureDefinition-PartnerCharterSigned.html"/><title value="Partner Charter Signed"/><generation value="generated"/></page><page><extension url="http://hl7.org/fhir/tools/StructureDefinition/ig-page-name"><valueUrl value="StructureDefinition-QualityStandard.html"/></extension><nameUrl value="StructureDefinition-QualityStandard.html"/><title value="Quality Standard"/><generation value="generated"/></page><page><extension url="http://hl7.org/fhir/tools/StructureDefinition/ig-page-name"><valueUrl value="StructureDefinition-ResourceManagement.html"/></extension><nameUrl value="StructureDefinition-ResourceManagement.html"/><title value="Resource Management"/><generation value="generated"/></page><page><extension url="http://hl7.org/fhir/tools/StructureDefinition/ig-page-name"><valueUrl value="StructureDefinition-StorageTemperature.html"/></extension><nameUrl value="StructureDefinition-StorageTemperature.html"/><title value="Storage Temperature"/><generation value="generated"/></page><page><extension url="http://hl7.org/fhir/tools/StructureDefinition/ig-page-name"><valueUrl value="StructureDefinition-ParentCollection.html"/></extension><nameUrl value="StructureDefinition-ParentCollection.html"/><title value="Parent Collection"/><generation value="generated"/></page><page><extension url="http://hl7.org/fhir/tools/StructureDefinition/ig-page-name"><valueUrl value="ValueSet-BiobankCapabilities.html"/></extension><nameUrl value="ValueSet-BiobankCapabilities.html"/><title value="Biobank Capabilities"/><generation value="generated"/></page><page><extension url="http://hl7.org/fhir/tools/StructureDefinition/ig-page-name"><valueUrl value="ValueSet-CollectionType.html"/></extension><nameUrl value="ValueSet-CollectionType.html"/><title value="Collection Type"/><generation value="generated"/></page><page><extension url="http://hl7.org/fhir/tools/StructureDefinition/ig-page-name"><valueUrl value="ValueSet-DataCategory.html"/></extension><nameUrl value="ValueSet-DataCategory.html"/><title value="Data Category"/><generation value="generated"/></page><page><extension url="http://hl7.org/fhir/tools/StructureDefinition/ig-page-name"><valueUrl value="ValueSet-OtherSampleDiagnosis.html"/></extension><nameUrl value="ValueSet-OtherSampleDiagnosis.html"/><title value="other sample diagnosis"/><generation value="generated"/></page><page><extension url="http://hl7.org/fhir/tools/StructureDefinition/ig-page-name"><valueUrl value="ValueSet-QualityStandard.html"/></extension><nameUrl value="ValueSet-QualityStandard.html"/><title value="Quality Standard"/><generation value="generated"/></page><page><extension url="http://hl7.org/fhir/tools/StructureDefinition/ig-page-name"><valueUrl value="ValueSet-ResourceType.html"/></extension><nameUrl value="ValueSet-ResourceType.html"/><title value="Resource Type"/><generation value="generated"/></page><page><extension url="http://hl7.org/fhir/tools/StructureDefinition/ig-page-name"><valueUrl value="ValueSet-SampleMaterialType.html"/></extension><nameUrl value="ValueSet-SampleMaterialType.html"/><title value="Sample Material Type"/><generation value="generated"/></page><page><extension url="http://hl7.org/fhir/tools/StructureDefinition/ig-page-name"><valueUrl value="ValueSet-StorageTemperature.html"/></extension><nameUrl value="ValueSet-StorageTemperature.html"/><title value="Storage Temperature"/><generation value="generated"/></page><page><extension url="http://hl7.org/fhir/tools/StructureDefinition/ig-page-name"><valueUrl value="CodeSystem-BiobankCapabilities.html"/></extension><nameUrl value="CodeSystem-BiobankCapabilities.html"/><title value="Biobank Capabilities"/><generation value="generated"/></page><page><extension url="http://hl7.org/fhir/tools/StructureDefinition/ig-page-name"><valueUrl value="CodeSystem-CollectionType.html"/></extension><nameUrl value="CodeSystem-CollectionType.html"/><title value="Collection Type"/><generation value="generated"/></page><page><extension url="http://hl7.org/fhir/tools/StructureDefinition/ig-page-name"><valueUrl value="CodeSystem-ContactType.html"/></extension><nameUrl value="CodeSystem-ContactType.html"/><title value="Contact Type"/><generation value="generated"/></page><page><extension url="http://hl7.org/fhir/tools/StructureDefinition/ig-page-name"><valueUrl value="CodeSystem-DataCategory.html"/></extension><nameUrl value="CodeSystem-DataCategory.html"/><title value="Data Category"/><generation value="generated"/></page><page><extension url="http://hl7.org/fhir/tools/StructureDefinition/ig-page-name"><valueUrl value="CodeSystem-OtherSampleDiagnosis.html"/></extension><nameUrl value="CodeSystem-OtherSampleDiagnosis.html"/><title value="Other Sample Diagnosis"/><generation value="generated"/></page><page><extension url="http://hl7.org/fhir/tools/StructureDefinition/ig-page-name"><valueUrl value="CodeSystem-QualityStandard.html"/></extension><nameUrl value="CodeSystem-QualityStandard.html"/><title value="Quality Standard"/><generation value="generated"/></page><page><extension url="http://hl7.org/fhir/tools/StructureDefinition/ig-page-name"><valueUrl value="CodeSystem-ResourceType.html"/></extension><nameUrl value="CodeSystem-ResourceType.html"/><title value="Resource Type"/><generation value="generated"/></page><page><extension url="http://hl7.org/fhir/tools/StructureDefinition/ig-page-name"><valueUrl value="CodeSystem-SampleMaterialType.html"/></extension><nameUrl value="CodeSystem-SampleMaterialType.html"/><title value="Sample Material Type"/><generation value="generated"/></page><page><extension url="http://hl7.org/fhir/tools/StructureDefinition/ig-page-name"><valueUrl value="CodeSystem-StorageTemperature.html"/></extension><nameUrl value="CodeSystem-StorageTemperature.html"/><title value="Storage Temperature"/><generation value="generated"/></page><page><extension url="http://hl7.org/fhir/tools/StructureDefinition/ig-page-name"><valueUrl value="Bundle-53ef12a3-1e31-4fc1-adf6-9d30dc6c4784.html"/></extension><nameUrl value="Bundle-53ef12a3-1e31-4fc1-adf6-9d30dc6c4784.html"/><title value="53ef12a3-1e31-4fc1-adf6-9d30dc6c4784"/><generation value="generated"/></page><page><extension url="http://hl7.org/fhir/tools/StructureDefinition/ig-page-name"><valueUrl value="Observation-0-bmi.html"/></extension><nameUrl value="Observation-0-bmi.html"/><title value="0-bmi"/><generation value="generated"/></page><page><extension url="http://hl7.org/fhir/tools/StructureDefinition/ig-page-name"><valueUrl value="Observation-0-body-height.html"/></extension><nameUrl value="Observation-0-body-height.html"/><title value="0-body-height"/><generation value="generated"/></page><page><extension url="http://hl7.org/fhir/tools/StructureDefinition/ig-page-name"><valueUrl value="Observation-0-body-weight.html"/></extension><nameUrl value="Observation-0-body-weight.html"/><title value="0-body-weight"/><generation value="generated"/></page><page><extension url="http://hl7.org/fhir/tools/StructureDefinition/ig-page-name"><valueUrl value="Observation-0-tobacco-use.html"/></extension><nameUrl value="Observation-0-tobacco-use.html"/><title value="0-tobacco-use"/><generation value="generated"/></page><page><extension url="http://hl7.org/fhir/tools/StructureDefinition/ig-page-name"><valueUrl value="OrganizationAffiliation-example.html"/></extension><nameUrl value="OrganizationAffiliation-example.html"/><title value="example"/><generation value="generated"/></page><page><extension url="http://hl7.org/fhir/tools/StructureDefinition/ig-page-name"><valueUrl value="Patient-0.html"/></extension><nameUrl value="Patient-0.html"/><title value="0"/><generation value="generated"/></page><page><extension url="http://hl7.org/fhir/tools/StructureDefinition/ig-page-name"><valueUrl value="Specimen-0-specimen.html"/></extension><nameUrl value="Specimen-0-specimen.html"/><title value="0-specimen"/><generation value="generated"/></page><page><extension url="http://hl7.org/fhir/tools/StructureDefinition/ig-page-name"><valueUrl value="Organization-exampleBiobank.html"/></extension><nameUrl value="Organization-exampleBiobank.html"/><title value="exampleBiobank"/><generation value="generated"/></page><page><extension url="http://hl7.org/fhir/tools/StructureDefinition/ig-page-name"><valueUrl value="Organization-exampleCollection.html"/></extension><nameUrl value="Organization-exampleCollection.html"/><title value="exampleCollection"/><generation value="generated"/></page><page><extension url="http://hl7.org/fhir/tools/StructureDefinition/ig-page-name"><valueUrl value="Organization-exampleCollectionRD.html"/></extension><nameUrl value="Organization-exampleCollectionRD.html"/><title value="exampleCollectionRD"/><generation value="generated"/></page></page></page><parameter><code value="path-resource"/><value value="input/capabilities"/></parameter><parameter><code value="path-resource"/><value value="input/examples"/></parameter><parameter><code value="path-resource"/><value value="input/extensions"/></parameter><parameter><code value="path-resource"/><value value="input/models"/></parameter><parameter><code value="path-resource"/><value value="input/operations"/></parameter><parameter><code value="path-resource"/><value value="input/profiles"/></parameter><parameter><code value="path-resource"/><value value="input/resources"/></parameter><parameter><code value="path-resource"/><value value="input/vocabulary"/></parameter><parameter><code value="path-resource"/><value value="input/maps"/></parameter><parameter><code value="path-resource"/><value value="input/testing"/></parameter><parameter><code value="path-resource"/><value value="input/history"/></parameter><parameter><code value="path-resource"/><value value="fsh-generated/resources"/></parameter><parameter><code value="path-pages"/><value value="template/config"/></parameter><parameter><code value="path-pages"/><value value="input/images"/></parameter><parameter><code value="path-tx-cache"/><value value="input-cache/txcache"/></parameter></definition></ImplementationGuide>