<?xml version="1.0" encoding="UTF-8"?><ImplementationGuide xmlns="http://hl7.org/fhir"><id value="de.bbmri.fhir"/><text><status value="generated"/><div xmlns="http://www.w3.org/1999/xhtml"><h2>BBMRI_DE_IG</h2><p>The official URL for this implementation guide is: </p><pre>https://fhir.bbmri.de/ImplementationGuide/de.bbmri.fhir</pre><div><p>Profiles for the GBA/BBMRI.de project</p>
</div></div></text><url value="https://fhir.bbmri.de/ImplementationGuide/de.bbmri.fhir"/><version value="0.1.0-beta"/><name value="BBMRI_DE_IG"/><title value="BBMRI.de Implementation Guide"/><status value="draft"/><experimental value="true"/><date value="2020-04-03T07:11:33+00:00"/><publisher value="BBMRI.de"/><contact><telecom><system value="url"/><value value="https://www.bbmri.de"/></telecom><telecom><system value="email"/><value value="feedback@germanbiobanknode.de"/></telecom></contact><description value="Profiles for the GBA/BBMRI.de project"/><jurisdiction><coding><system value="http://unstats.un.org/unsd/methods/m49/m49.htm"/><code value="001"/></coding></jurisdiction><packageId value="de.bbmri.fhir"/><license value="CC-BY-SA-4.0"/><fhirVersion value="4.0.1"/><dependsOn><uri value="http://hl7.org/fhir/uv/ips/ImplementationGuide/hl7.fhir.uv.ips"/><packageId value="hl7.fhir.uv.ips"/><version value="0.3.0"/></dependsOn><definition><extension url="http://hl7.org/fhir/tools/StructureDefinition/ig-parameter"><extension url="code"><valueString value="copyrightyear"/></extension><extension url="value"><valueString value="2020+"/></extension></extension><extension url="http://hl7.org/fhir/tools/StructureDefinition/ig-parameter"><extension url="code"><valueString value="releaselabel"/></extension><extension url="value"><valueString value="CI Build"/></extension></extension><extension url="http://hl7.org/fhir/tools/StructureDefinition/ig-parameter"><extension url="code"><valueString value="autoload-resources"/></extension><extension url="value"><valueString value="true"/></extension></extension><extension url="http://hl7.org/fhir/tools/StructureDefinition/ig-parameter"><extension url="code"><valueString value="path-liquid"/></extension><extension url="value"><valueString value="template/liquid"/></extension></extension><extension url="http://hl7.org/fhir/tools/StructureDefinition/ig-parameter"><extension url="code"><valueString value="path-liquid"/></extension><extension url="value"><valueString value="input/liquid"/></extension></extension><extension url="http://hl7.org/fhir/tools/StructureDefinition/ig-parameter"><extension url="code"><valueString value="path-qa"/></extension><extension url="value"><valueString value="temp/qa"/></extension></extension><extension url="http://hl7.org/fhir/tools/StructureDefinition/ig-parameter"><extension url="code"><valueString value="path-temp"/></extension><extension url="value"><valueString value="temp/pages"/></extension></extension><extension url="http://hl7.org/fhir/tools/StructureDefinition/ig-parameter"><extension url="code"><valueString value="path-output"/></extension><extension url="value"><valueString value="output"/></extension></extension><extension url="http://hl7.org/fhir/tools/StructureDefinition/ig-parameter"><extension url="code"><valueString value="path-suppressed-warnings"/></extension><extension url="value"><valueString value="input/ignoreWarnings.txt"/></extension></extension><extension url="http://hl7.org/fhir/tools/StructureDefinition/ig-parameter"><extension url="code"><valueString value="path-history"/></extension><extension url="value"><valueString value="https://fhir.bbmri.de/history.html"/></extension></extension><extension url="http://hl7.org/fhir/tools/StructureDefinition/ig-parameter"><extension url="code"><valueString value="template-html"/></extension><extension url="value"><valueString value="template-page.html"/></extension></extension><extension url="http://hl7.org/fhir/tools/StructureDefinition/ig-parameter"><extension url="code"><valueString value="template-md"/></extension><extension url="value"><valueString value="template-page-md.html"/></extension></extension><extension url="http://hl7.org/fhir/tools/StructureDefinition/ig-parameter"><extension url="code"><valueString value="apply-contact"/></extension><extension url="value"><valueString value="true"/></extension></extension><extension url="http://hl7.org/fhir/tools/StructureDefinition/ig-parameter"><extension url="code"><valueString value="apply-context"/></extension><extension url="value"><valueString value="true"/></extension></extension><extension url="http://hl7.org/fhir/tools/StructureDefinition/ig-parameter"><extension url="code"><valueString value="apply-copyright"/></extension><extension url="value"><valueString value="true"/></extension></extension><extension url="http://hl7.org/fhir/tools/StructureDefinition/ig-parameter"><extension url="code"><valueString value="apply-jurisdiction"/></extension><extension url="value"><valueString value="true"/></extension></extension><extension url="http://hl7.org/fhir/tools/StructureDefinition/ig-parameter"><extension url="code"><valueString value="apply-license"/></extension><extension url="value"><valueString value="true"/></extension></extension><extension url="http://hl7.org/fhir/tools/StructureDefinition/ig-parameter"><extension url="code"><valueString value="apply-publisher"/></extension><extension url="value"><valueString value="true"/></extension></extension><extension url="http://hl7.org/fhir/tools/StructureDefinition/ig-parameter"><extension url="code"><valueString value="apply-version"/></extension><extension url="value"><valueString value="true"/></extension></extension><extension url="http://hl7.org/fhir/tools/StructureDefinition/ig-parameter"><extension url="code"><valueString value="active-tables"/></extension><extension url="value"><valueString value="true"/></extension></extension><grouping id="_str_profile"><name value="Structures: Resource Profiles"/><description value="These define constraints on FHIR resources that need to be complied with by conformant implementations"/></grouping><grouping id="_str_extension"><name value="Structures: Extension Definitions"/><description value="These define constraints on FHIR data types that need to be complied with by conformant implementations"/></grouping><grouping id="_term_valueset"><name value="Terminology: Value Sets"/><description value="These define sets of codes used by systems conforming with this implementation guide"/></grouping><grouping id="_term_codesystem"><name value="Terminology: Code Systems"/><description value="These define new code systems used by systems conforming with this implementation guide"/></grouping><grouping id="_ex_example"><name value="Example: Example Instances"/><description value="These are example instances that show what data produced and consumed by systems conforming with this implementation guide might look like"/></grouping><grouping id="_other"><name value="Other"/><description value="These are resources that are used within this implementation guide that don&#39;t fit into one of the other categories"/></grouping><resource><extension url="http://hl7.org/fhir/StructureDefinition/implementationguide-page"><valueUri value="Bundle-53ef12a3-1e31-4fc1-adf6-9d30dc6c4784.html"/></extension><reference><reference value="Bundle/53ef12a3-1e31-4fc1-adf6-9d30dc6c4784"/></reference><name value="Example Bundle - 53ef12a3-1e31-4fc1-adf6-9d30dc6c4784"/><exampleCanonical value="https://fhir.bbmri.de/StructureDefinition/BodyHeight"/><groupingId value="_ex_example"/></resource><resource><extension url="http://hl7.org/fhir/StructureDefinition/implementationguide-page"><valueUri value="Organization-exampleCollection.html"/></extension><reference><reference value="Organization/exampleCollection"/></reference><name value="Example Organization - exampleCollection"/><exampleCanonical value="https://fhir.bbmri.de/StructureDefinition/Collection"/><groupingId value="_ex_example"/></resource><resource><extension url="http://hl7.org/fhir/StructureDefinition/implementationguide-page"><valueUri value="Specimen-0-specimen.html"/></extension><reference><reference value="Specimen/0-specimen"/></reference><name value="Example Specimen - 0-specimen"/><exampleCanonical value="https://fhir.bbmri.de/StructureDefinition/Specimen"/><groupingId value="_ex_example"/></resource><resource><extension url="http://hl7.org/fhir/StructureDefinition/implementationguide-page"><valueUri value="OrganizationAffiliation-example.html"/></extension><reference><reference value="OrganizationAffiliation/example"/></reference><groupingId value="_other"/></resource><resource><extension url="http://hl7.org/fhir/StructureDefinition/implementationguide-page"><valueUri value="Observation-0-body-weight.html"/></extension><reference><reference value="Observation/0-body-weight"/></reference><name value="Example Observation - 0-body-weight"/><exampleCanonical value="https://fhir.bbmri.de/StructureDefinition/BodyWeight"/><groupingId value="_ex_example"/></resource><resource><extension url="http://hl7.org/fhir/StructureDefinition/implementationguide-page"><valueUri value="Organization-exampleBiobank.html"/></extension><reference><reference value="Organization/exampleBiobank"/></reference><name value="Example Organization - exampleBiobank"/><exampleCanonical value="https://fhir.bbmri.de/StructureDefinition/Biobank"/><groupingId value="_ex_example"/></resource><resource><extension url="http://hl7.org/fhir/StructureDefinition/implementationguide-page"><valueUri value="Observation-0-tobacco-use.html"/></extension><reference><reference value="Observation/0-tobacco-use"/></reference><name value="Example Observation - 0-tobacco-use"/><exampleCanonical value="https://fhir.bbmri.de/StructureDefinition/TobaccoUse"/><groupingId value="_ex_example"/></resource><resource><extension url="http://hl7.org/fhir/StructureDefinition/implementationguide-page"><valueUri value="Observation-0-body-height.html"/></extension><reference><reference value="Observation/0-body-height"/></reference><name value="Example Observation - 0-body-height"/><exampleCanonical value="https://fhir.bbmri.de/StructureDefinition/BodyHeight"/><groupingId value="_ex_example"/></resource><resource><extension url="http://hl7.org/fhir/StructureDefinition/implementationguide-page"><valueUri value="Organization-exampleCollectionRD.html"/></extension><reference><reference value="Organization/exampleCollectionRD"/></reference><name value="Example Organization - exampleCollectionRD"/><exampleCanonical value="https://fhir.bbmri.de/StructureDefinition/Collection"/><groupingId value="_ex_example"/></resource><resource><extension url="http://hl7.org/fhir/StructureDefinition/implementationguide-page"><valueUri value="Patient-0.html"/></extension><reference><reference value="Patient/0"/></reference><name value="Example Patient - 0"/><exampleCanonical value="https://fhir.bbmri.de/StructureDefinition/Patient"/><groupingId value="_ex_example"/></resource><resource><extension url="http://hl7.org/fhir/StructureDefinition/implementationguide-page"><valueUri value="Observation-0-bmi.html"/></extension><reference><reference value="Observation/0-bmi"/></reference><name value="Example Observation - 0-bmi"/><exampleCanonical value="https://fhir.bbmri.de/StructureDefinition/Bmi"/><groupingId value="_ex_example"/></resource><resource><extension url="http://hl7.org/fhir/StructureDefinition/implementationguide-page"><valueUri value="StructureDefinition-Biobank.html"/></extension><reference><reference value="StructureDefinition/Biobank"/></reference><name value="Biobank"/><groupingId value="_str_profile"/></resource><resource><extension url="http://hl7.org/fhir/StructureDefinition/implementationguide-page"><valueUri value="StructureDefinition-BodyWeight.html"/></extension><reference><reference value="StructureDefinition/BodyWeight"/></reference><name value="Body Weight"/><groupingId value="_str_profile"/></resource><resource><extension url="http://hl7.org/fhir/StructureDefinition/implementationguide-page"><valueUri value="StructureDefinition-BioresourceReference.html"/></extension><reference><reference value="StructureDefinition/BioresourceReference"/></reference><name value="Bioresource Reference"/><groupingId value="_str_extension"/></resource><resource><extension url="http://hl7.org/fhir/StructureDefinition/implementationguide-page"><valueUri value="StructureDefinition-NetworkMembership.html"/></extension><reference><reference value="StructureDefinition/NetworkMembership"/></reference><name value="Network Membership"/><description value="Resource representing the membership of a biobank in a biobank network"/><groupingId value="_str_profile"/></resource><resource><extension url="http://hl7.org/fhir/StructureDefinition/implementationguide-page"><valueUri value="StructureDefinition-OrganizationDescription.html"/></extension><reference><reference value="StructureDefinition/OrganizationDescription"/></reference><name value="Organization Description"/><description value="Description of the organization in English"/><groupingId value="_str_extension"/></resource><resource><extension url="http://hl7.org/fhir/StructureDefinition/implementationguide-page"><valueUri value="CodeSystem-ContactType.html"/></extension><reference><reference value="CodeSystem/ContactType"/></reference><name value="Contact Type"/><groupingId value="_term_codesystem"/></resource><resource><extension url="http://hl7.org/fhir/StructureDefinition/implementationguide-page"><valueUri value="StructureDefinition-BodyHeight.html"/></extension><reference><reference value="StructureDefinition/BodyHeight"/></reference><name value="Body Height"/><groupingId value="_str_profile"/></resource><resource><extension url="http://hl7.org/fhir/StructureDefinition/implementationguide-page"><valueUri value="StructureDefinition-Bmi.html"/></extension><reference><reference value="StructureDefinition/Bmi"/></reference><name value="BMI"/><groupingId value="_str_profile"/></resource><resource><extension url="http://hl7.org/fhir/StructureDefinition/implementationguide-page"><valueUri value="ValueSet-SampleMaterialType.html"/></extension><reference><reference value="ValueSet/SampleMaterialType"/></reference><name value="Sample Material Type"/><groupingId value="_term_valueset"/></resource><resource><extension url="http://hl7.org/fhir/StructureDefinition/implementationguide-page"><valueUri value="StructureDefinition-CollectionType.html"/></extension><reference><reference value="StructureDefinition/CollectionType"/></reference><name value="Collection Type"/><description value="The type of sample collections governed by the Organization."/><groupingId value="_str_extension"/></resource><resource><extension url="http://hl7.org/fhir/StructureDefinition/implementationguide-page"><valueUri value="ValueSet-CollectionType.html"/></extension><reference><reference value="ValueSet/CollectionType"/></reference><name value="Collection Type"/><groupingId value="_term_valueset"/></resource><resource><extension url="http://hl7.org/fhir/StructureDefinition/implementationguide-page"><valueUri value="StructureDefinition-Custodian.html"/></extension><reference><reference value="StructureDefinition/Custodian"/></reference><name value="Custodian"/><groupingId value="_str_extension"/></resource><resource><extension url="http://hl7.org/fhir/StructureDefinition/implementationguide-page"><valueUri value="StructureDefinition-TobaccoUse.html"/></extension><reference><reference value="StructureDefinition/TobaccoUse"/></reference><name value="Tobacco Use"/><groupingId value="_str_profile"/></resource><resource><extension url="http://hl7.org/fhir/StructureDefinition/implementationguide-page"><valueUri value="CodeSystem-ResourceType.html"/></extension><reference><reference value="CodeSystem/ResourceType"/></reference><name value="Resource Type"/><description value="Types of resources that may be governed by a biobank or its collections"/><groupingId value="_term_codesystem"/></resource><resource><extension url="http://hl7.org/fhir/StructureDefinition/implementationguide-page"><valueUri value="ValueSet-ResourceType.html"/></extension><reference><reference value="ValueSet/ResourceType"/></reference><name value="Resource Type"/><groupingId value="_term_valueset"/></resource><resource><extension url="http://hl7.org/fhir/StructureDefinition/implementationguide-page"><valueUri value="StructureDefinition-Specimen.html"/></extension><reference><reference value="StructureDefinition/Specimen"/></reference><name value="Specimen"/><groupingId value="_str_profile"/></resource><resource><extension url="http://hl7.org/fhir/StructureDefinition/implementationguide-page"><valueUri value="CodeSystem-DataCategory.html"/></extension><reference><reference value="CodeSystem/DataCategory"/></reference><name value="Data Category"/><groupingId value="_term_codesystem"/></resource><resource><extension url="http://hl7.org/fhir/StructureDefinition/implementationguide-page"><valueUri value="CodeSystem-QualityStandard.html"/></extension><reference><reference value="CodeSystem/QualityStandard"/></reference><name value="Quality Standard"/><groupingId value="_term_codesystem"/></resource><resource><extension url="http://hl7.org/fhir/StructureDefinition/implementationguide-page"><valueUri value="StructureDefinition-Collection.html"/></extension><reference><reference value="StructureDefinition/Collection"/></reference><name value="Collection"/><groupingId value="_str_profile"/></resource><resource><extension url="http://hl7.org/fhir/StructureDefinition/implementationguide-page"><valueUri value="StructureDefinition-Collaboration.html"/></extension><reference><reference value="StructureDefinition/Collaboration"/></reference><name value="Collaboration"/><groupingId value="_str_extension"/></resource><resource><extension url="http://hl7.org/fhir/StructureDefinition/implementationguide-page"><valueUri value="CodeSystem-StorageTemperature.html"/></extension><reference><reference value="CodeSystem/StorageTemperature"/></reference><name value="Storage Temperature"/><groupingId value="_term_codesystem"/></resource><resource><extension url="http://hl7.org/fhir/StructureDefinition/implementationguide-page"><valueUri value="ValueSet-OtherSampleDiagnosis.html"/></extension><reference><reference value="ValueSet/OtherSampleDiagnosis"/></reference><name value="other sample diagnosis"/><groupingId value="_term_valueset"/></resource><resource><extension url="http://hl7.org/fhir/StructureDefinition/implementationguide-page"><valueUri value="StructureDefinition-QualityStandard.html"/></extension><reference><reference value="StructureDefinition/QualityStandard"/></reference><name value="Quality Standard"/><description value="Organization quality assessment"/><groupingId value="_str_extension"/></resource><resource><extension url="http://hl7.org/fhir/StructureDefinition/implementationguide-page"><valueUri value="StructureDefinition-PartnerCharterSigned.html"/></extension><reference><reference value="StructureDefinition/PartnerCharterSigned"/></reference><name value="Partner Charter Signed"/><groupingId value="_str_extension"/></resource><resource><extension url="http://hl7.org/fhir/StructureDefinition/implementationguide-page"><valueUri value="StructureDefinition-CauseOfDeath.html"/></extension><reference><reference value="StructureDefinition/CauseOfDeath"/></reference><name value="Cause of Death"/><groupingId value="_str_profile"/></resource><resource><extension url="http://hl7.org/fhir/StructureDefinition/implementationguide-page"><valueUri value="StructureDefinition-Capabilities.html"/></extension><reference><reference value="StructureDefinition/Capabilities"/></reference><name value="Capabilities"/><groupingId value="_str_extension"/></resource><resource><extension url="http://hl7.org/fhir/StructureDefinition/implementationguide-page"><valueUri value="ValueSet-QualityStandard.html"/></extension><reference><reference value="ValueSet/QualityStandard"/></reference><name value="Quality Standard"/><groupingId value="_term_valueset"/></resource><resource><extension url="http://hl7.org/fhir/StructureDefinition/implementationguide-page"><valueUri value="CodeSystem-OtherSampleDiagnosis.html"/></extension><reference><reference value="CodeSystem/OtherSampleDiagnosis"/></reference><name value="Other Sample Diagnosis"/><description value="Contains the additional (not contained in ICD-10) codes needed for coding the MIABIS Sample Diagnosis plus a non-MIABIS code for indicating tumor material without a specific diagnosis."/><groupingId value="_term_codesystem"/></resource><resource><extension url="http://hl7.org/fhir/StructureDefinition/implementationguide-page"><valueUri value="ValueSet-StorageTemperature.html"/></extension><reference><reference value="ValueSet/StorageTemperature"/></reference><name value="Storage Temperature"/><groupingId value="_term_valueset"/></resource><resource><extension url="http://hl7.org/fhir/StructureDefinition/implementationguide-page"><valueUri value="StructureDefinition-Patient.html"/></extension><reference><reference value="StructureDefinition/Patient"/></reference><name value="Patient"/><description value="Resoure representing a sample donor"/><groupingId value="_str_profile"/></resource><resource><extension url="http://hl7.org/fhir/StructureDefinition/implementationguide-page"><valueUri value="StructureDefinition-DataCategory.html"/></extension><reference><reference value="StructureDefinition/DataCategory"/></reference><name value="Data Category"/><description value="The categories of data that are available as part of the collection"/><groupingId value="_str_extension"/></resource><resource><extension url="http://hl7.org/fhir/StructureDefinition/implementationguide-page"><valueUri value="StructureDefinition-SampleDiagnosis.html"/></extension><reference><reference value="StructureDefinition/SampleDiagnosis"/></reference><name value="Sample Diagnosis"/><groupingId value="_str_extension"/></resource><resource><extension url="http://hl7.org/fhir/StructureDefinition/implementationguide-page"><valueUri value="StructureDefinition-AccessPolicy.html"/></extension><reference><reference value="StructureDefinition/AccessPolicy"/></reference><name value="Access Policy"/><groupingId value="_str_extension"/></resource><resource><extension url="http://hl7.org/fhir/StructureDefinition/implementationguide-page"><valueUri value="StructureDefinition-StorageTemperature.html"/></extension><reference><reference value="StructureDefinition/StorageTemperature"/></reference><name value="Storage Temperature"/><groupingId value="_str_extension"/></resource><resource><extension url="http://hl7.org/fhir/StructureDefinition/implementationguide-page"><valueUri value="CodeSystem-BiobankCapabilities.html"/></extension><reference><reference value="CodeSystem/BiobankCapabilities"/></reference><name value="Biobank Capabilities"/><groupingId value="_term_codesystem"/></resource><resource><extension url="http://hl7.org/fhir/StructureDefinition/implementationguide-page"><valueUri value="ValueSet-BiobankCapabilities.html"/></extension><reference><reference value="ValueSet/BiobankCapabilities"/></reference><name value="Biobank Capabilities"/><groupingId value="_term_valueset"/></resource><resource><extension url="http://hl7.org/fhir/StructureDefinition/implementationguide-page"><valueUri value="CodeSystem-SampleMaterialType.html"/></extension><reference><reference value="CodeSystem/SampleMaterialType"/></reference><name value="Sample Material Type"/><description value="The type of material the sample consists of."/><groupingId value="_term_codesystem"/></resource><resource><extension url="http://hl7.org/fhir/StructureDefinition/implementationguide-page"><valueUri value="StructureDefinition-JuridicalPerson.html"/></extension><reference><reference value="StructureDefinition/JuridicalPerson"/></reference><name value="Juridical Person"/><description value="Name of the legal entity of the organization"/><groupingId value="_str_extension"/></resource><resource><extension url="http://hl7.org/fhir/StructureDefinition/implementationguide-page"><valueUri value="StructureDefinition-ParentCollection.html"/></extension><reference><reference value="StructureDefinition/ParentCollection"/></reference><name value="Parent Collection"/><groupingId value="_str_extension"/></resource><resource><extension url="http://hl7.org/fhir/StructureDefinition/implementationguide-page"><valueUri value="StructureDefinition-Condition.html"/></extension><reference><reference value="StructureDefinition/Condition"/></reference><name value="Condition"/><groupingId value="_str_profile"/></resource><resource><extension url="http://hl7.org/fhir/StructureDefinition/implementationguide-page"><valueUri value="CodeSystem-CollectionType.html"/></extension><reference><reference value="CodeSystem/CollectionType"/></reference><name value="Collection Type"/><groupingId value="_term_codesystem"/></resource><resource><extension url="http://hl7.org/fhir/StructureDefinition/implementationguide-page"><valueUri value="StructureDefinition-ContactRole.html"/></extension><reference><reference value="StructureDefinition/ContactRole"/></reference><name value="Contact Role"/><groupingId value="_str_extension"/></resource><resource><extension url="http://hl7.org/fhir/StructureDefinition/implementationguide-page"><valueUri value="StructureDefinition-ITSupport.html"/></extension><reference><reference value="StructureDefinition/ITSupport"/></reference><name value="IT Support"/><groupingId value="_str_extension"/></resource><resource><extension url="http://hl7.org/fhir/StructureDefinition/implementationguide-page"><valueUri value="StructureDefinition-ResourceManagement.html"/></extension><reference><reference value="StructureDefinition/ResourceManagement"/></reference><name value="Resource Management"/><groupingId value="_str_extension"/></resource><resource><extension url="http://hl7.org/fhir/StructureDefinition/implementationguide-page"><valueUri value="StructureDefinition-IdCard.html"/></extension><reference><reference value="StructureDefinition/IdCard"/></reference><name value="ID Card"/><groupingId value="_str_extension"/></resource><resource><extension url="http://hl7.org/fhir/StructureDefinition/implementationguide-page"><valueUri value="ValueSet-DataCategory.html"/></extension><reference><reference value="ValueSet/DataCategory"/></reference><name value="Data Category"/><groupingId value="_term_valueset"/></resource><page><nameUrl value="toc.html"/><title value="Table of Contents"/><generation value="html"/><page><nameUrl value="index.html"/><title value="MyIG Home Page"/><generation value="html"/></page><page><nameUrl value="overview.html"/><title value="Overview"/><generation value="markdown"/></page><page><nameUrl value="spec.html"/><title value="Detailed Specification"/><generation value="markdown"/></page><page><nameUrl value="mappings.html"/><title value="Mappings"/><generation value="markdown"/></page><page><nameUrl value="referencedIGs.html"/><title value="Referenced IGs"/><generation value="markdown"/></page><page><nameUrl value="downloads.html"/><title value="Useful Downloads"/><generation value="html"/></page><page><nameUrl value="changes.html"/><title value="IG Change History"/><generation value="html"/></page><page><nameUrl value="artifacts.html"/><title value="Artifacts Summary"/><generation value="html"/><page><nameUrl value="StructureDefinition-Biobank.html"/><title value="Biobank"/><generation value="generated"/></page><page><nameUrl value="StructureDefinition-BodyWeight.html"/><title value="Body Weight"/><generation value="generated"/></page><page><nameUrl value="StructureDefinition-NetworkMembership.html"/><title value="Network Membership"/><generation value="generated"/></page><page><nameUrl value="StructureDefinition-BodyHeight.html"/><title value="Body Height"/><generation value="generated"/></page><page><nameUrl value="StructureDefinition-Bmi.html"/><title value="BMI"/><generation value="generated"/></page><page><nameUrl value="StructureDefinition-TobaccoUse.html"/><title value="Tobacco Use"/><generation value="generated"/></page><page><nameUrl value="StructureDefinition-Specimen.html"/><title value="Specimen"/><generation value="generated"/></page><page><nameUrl value="StructureDefinition-Collection.html"/><title value="Collection"/><generation value="generated"/></page><page><nameUrl value="StructureDefinition-CauseOfDeath.html"/><title value="Cause of Death"/><generation value="generated"/></page><page><nameUrl value="StructureDefinition-Patient.html"/><title value="Patient"/><generation value="generated"/></page><page><nameUrl value="StructureDefinition-Condition.html"/><title value="Condition"/><generation value="generated"/></page><page><nameUrl value="StructureDefinition-BioresourceReference.html"/><title value="Bioresource Reference"/><generation value="generated"/></page><page><nameUrl value="StructureDefinition-OrganizationDescription.html"/><title value="Organization Description"/><generation value="generated"/></page><page><nameUrl value="StructureDefinition-CollectionType.html"/><title value="Collection Type"/><generation value="generated"/></page><page><nameUrl value="StructureDefinition-Custodian.html"/><title value="Custodian"/><generation value="generated"/></page><page><nameUrl value="StructureDefinition-Collaboration.html"/><title value="Collaboration"/><generation value="generated"/></page><page><nameUrl value="StructureDefinition-QualityStandard.html"/><title value="Quality Standard"/><generation value="generated"/></page><page><nameUrl value="StructureDefinition-PartnerCharterSigned.html"/><title value="Partner Charter Signed"/><generation value="generated"/></page><page><nameUrl value="StructureDefinition-Capabilities.html"/><title value="Capabilities"/><generation value="generated"/></page><page><nameUrl value="StructureDefinition-DataCategory.html"/><title value="Data Category"/><generation value="generated"/></page><page><nameUrl value="StructureDefinition-SampleDiagnosis.html"/><title value="Sample Diagnosis"/><generation value="generated"/></page><page><nameUrl value="StructureDefinition-AccessPolicy.html"/><title value="Access Policy"/><generation value="generated"/></page><page><nameUrl value="StructureDefinition-StorageTemperature.html"/><title value="Storage Temperature"/><generation value="generated"/></page><page><nameUrl value="StructureDefinition-JuridicalPerson.html"/><title value="Juridical Person"/><generation value="generated"/></page><page><nameUrl value="StructureDefinition-ParentCollection.html"/><title value="Parent Collection"/><generation value="generated"/></page><page><nameUrl value="StructureDefinition-ContactRole.html"/><title value="Contact Role"/><generation value="generated"/></page><page><nameUrl value="StructureDefinition-ITSupport.html"/><title value="IT Support"/><generation value="generated"/></page><page><nameUrl value="StructureDefinition-ResourceManagement.html"/><title value="Resource Management"/><generation value="generated"/></page><page><nameUrl value="StructureDefinition-IdCard.html"/><title value="ID Card"/><generation value="generated"/></page><page><nameUrl value="ValueSet-SampleMaterialType.html"/><title value="Sample Material Type"/><generation value="generated"/></page><page><nameUrl value="ValueSet-CollectionType.html"/><title value="Collection Type"/><generation value="generated"/></page><page><nameUrl value="ValueSet-ResourceType.html"/><title value="Resource Type"/><generation value="generated"/></page><page><nameUrl value="ValueSet-OtherSampleDiagnosis.html"/><title value="other sample diagnosis"/><generation value="generated"/></page><page><nameUrl value="ValueSet-QualityStandard.html"/><title value="Quality Standard"/><generation value="generated"/></page><page><nameUrl value="ValueSet-StorageTemperature.html"/><title value="Storage Temperature"/><generation value="generated"/></page><page><nameUrl value="ValueSet-BiobankCapabilities.html"/><title value="Biobank Capabilities"/><generation value="generated"/></page><page><nameUrl value="ValueSet-DataCategory.html"/><title value="Data Category"/><generation value="generated"/></page><page><nameUrl value="CodeSystem-ContactType.html"/><title value="Contact Type"/><generation value="generated"/></page><page><nameUrl value="CodeSystem-ResourceType.html"/><title value="Resource Type"/><generation value="generated"/></page><page><nameUrl value="CodeSystem-DataCategory.html"/><title value="Data Category"/><generation value="generated"/></page><page><nameUrl value="CodeSystem-QualityStandard.html"/><title value="Quality Standard"/><generation value="generated"/></page><page><nameUrl value="CodeSystem-StorageTemperature.html"/><title value="Storage Temperature"/><generation value="generated"/></page><page><nameUrl value="CodeSystem-OtherSampleDiagnosis.html"/><title value="Other Sample Diagnosis"/><generation value="generated"/></page><page><nameUrl value="CodeSystem-BiobankCapabilities.html"/><title value="Biobank Capabilities"/><generation value="generated"/></page><page><nameUrl value="CodeSystem-SampleMaterialType.html"/><title value="Sample Material Type"/><generation value="generated"/></page><page><nameUrl value="CodeSystem-CollectionType.html"/><title value="Collection Type"/><generation value="generated"/></page><page><nameUrl value="Bundle-53ef12a3-1e31-4fc1-adf6-9d30dc6c4784.html"/><title value="Example Bundle - 53ef12a3-1e31-4fc1-adf6-9d30dc6c4784"/><generation value="generated"/></page><page><nameUrl value="Organization-exampleCollection.html"/><title value="Example Organization - exampleCollection"/><generation value="generated"/></page><page><nameUrl value="Specimen-0-specimen.html"/><title value="Example Specimen - 0-specimen"/><generation value="generated"/></page><page><nameUrl value="Observation-0-body-weight.html"/><title value="Example Observation - 0-body-weight"/><generation value="generated"/></page><page><nameUrl value="Organization-exampleBiobank.html"/><title value="Example Organization - exampleBiobank"/><generation value="generated"/></page><page><nameUrl value="Observation-0-tobacco-use.html"/><title value="Example Observation - 0-tobacco-use"/><generation value="generated"/></page><page><nameUrl value="Observation-0-body-height.html"/><title value="Example Observation - 0-body-height"/><generation value="generated"/></page><page><nameUrl value="Organization-exampleCollectionRD.html"/><title value="Example Organization - exampleCollectionRD"/><generation value="generated"/></page><page><nameUrl value="Patient-0.html"/><title value="Example Patient - 0"/><generation value="generated"/></page><page><nameUrl value="Observation-0-bmi.html"/><title value="Example Observation - 0-bmi"/><generation value="generated"/></page><page><nameUrl value="OrganizationAffiliation-example.html"/><generation value="generated"/></page></page></page><parameter><code value="path-resource"/><value value="input/capabilities"/></parameter><parameter><code value="path-resource"/><value value="input/examples"/></parameter><parameter><code value="path-resource"/><value value="input/extensions"/></parameter><parameter><code value="path-resource"/><value value="input/models"/></parameter><parameter><code value="path-resource"/><value value="input/operations"/></parameter><parameter><code value="path-resource"/><value value="input/profiles"/></parameter><parameter><code value="path-resource"/><value value="input/resources"/></parameter><parameter><code value="path-resource"/><value value="input/vocabulary"/></parameter><parameter><code value="path-resource"/><value value="input/maps"/></parameter><parameter><code value="path-pages"/><value value="template/config"/></parameter><parameter><code value="path-pages"/><value value="input/images"/></parameter><parameter><code value="path-tx-cache"/><value value="input-cache/txcache"/></parameter></definition></ImplementationGuide>