<?xml version="1.0" encoding="UTF-8"?><Library xmlns="http://hl7.org/fhir"><id value="PatientQualityReports"/><url value="https://fhir.bbmri.de/Library/PatientQualityReports"/><version value="1.2.0"/><name value="PatientQualityReports"/><title value="Patient Quality Reports"/><status value="active"/><type><coding><system value="http://terminology.hl7.org/CodeSystem/library-type"/><code value="logic-library"/></coding></type><subjectCodeableConcept><coding><system value="http://hl7.org/fhir/resource-types"/><code value="Patient"/></coding></subjectCodeableConcept><date value="2022-01-18T15:55:49+00:00"/><publisher value="bbmri.de"/><contact><name value="bbmri.de"/><telecom><system value="url"/><value value="bbmri.de"/></telecom><telecom><system value="email"/><value value="feedback@germanbiobanknode.de"/></telecom></contact><description value="This library contains various expressions used in different patient related quality reports."/><relatedArtifact><type value="depends-on"/><resource value="http://hl7.org/fhir/Library/FHIR-ModelInfo|4.0.0"/></relatedArtifact><relatedArtifact><type value="depends-on"/><resource value="http://hl7.org/fhir/Library/FHIRHelpers|4.0.0"/></relatedArtifact><relatedArtifact><type value="depends-on"/><resource value="http://hl7.org/fhir/sid/icd-10"/></relatedArtifact><relatedArtifact><type value="depends-on"/><resource value="http://fhir.de/CodeSystem/dimdi/icd-10-gm"/></relatedArtifact><content><contentType value="text/cql"/><data/></content><content><contentType value="application/elm+xml"/><data/></content></Library>