<?xml version="1.0" encoding="UTF-8"?><Library xmlns="http://hl7.org/fhir"><id value="SpecimenQualityReports"/><url value="https://fhir.bbmri.de/Library/SpecimenQualityReports"/><version value="1.2.0"/><name value="SpecimenQualityReports"/><title value="Specimen Quality Reports"/><status value="active"/><type><coding><system value="http://terminology.hl7.org/CodeSystem/library-type"/><code value="logic-library"/></coding></type><subjectCodeableConcept><coding><system value="http://hl7.org/fhir/resource-types"/><code value="Specimen"/></coding></subjectCodeableConcept><date value="2020-09-16T11:11:35+00:00"/><publisher value="bbmri.de"/><contact><name value="bbmri.de"/><telecom><system value="url"/><value value="bbmri.de"/></telecom><telecom><system value="email"/><value value="feedback@germanbiobanknode.de"/></telecom></contact><description value="This library contains various expressions used in different specimen related quality reports."/><relatedArtifact><type value="depends-on"/><resource value="http://hl7.org/fhir/Library/FHIR-ModelInfo|4.0.0"/></relatedArtifact><relatedArtifact><type value="depends-on"/><resource value="http://hl7.org/fhir/Library/FHIRHelpers|4.0.0"/></relatedArtifact><parameter><name value="Specimen"/><use value="out"/><min value="0"/><max value="1"/><type value="Specimen"/></parameter><parameter><name value="InInitialPopulation"/><use value="out"/><min value="0"/><max value="1"/><type value="boolean"/></parameter><parameter><name value="FirstSampleMaterialType"/><use value="out"/><min value="0"/><max value="1"/><type value="code"/></parameter><parameter><name value="NumberOfSampleMaterialTypes"/><use value="out"/><min value="0"/><max value="1"/><type value="integer"/></parameter><parameter><name value="CollectedYear"/><use value="out"/><min value="0"/><max value="1"/><type value="integer"/></parameter><parameter><name value="CollectedMonth"/><use value="out"/><min value="0"/><max value="1"/><type value="integer"/></parameter><parameter><name value="CollectedDay"/><use value="out"/><min value="0"/><max value="1"/><type value="integer"/></parameter><parameter><name value="CollectedHour"/><use value="out"/><min value="0"/><max value="1"/><type value="integer"/></parameter><parameter><name value="StorageTemperatureCodings"/><use value="out"/><min value="0"/><max value="*"/><type value="Coding"/></parameter><parameter><name value="StorageTemperatureCodes"/><use value="out"/><min value="0"/><max value="1"/><type value="string"/></parameter><parameter><name value="NumberOfStorageTemperatureCodes"/><use value="out"/><min value="0"/><max value="1"/><type value="integer"/></parameter><parameter><name value="SampleDiagnosisCodings"/><use value="out"/><min value="0"/><max value="*"/><type value="Coding"/></parameter><parameter><name value="SampleDiagnosisICD10Codes"/><use value="out"/><min value="0"/><max value="1"/><type value="string"/></parameter><parameter><name value="NumberOfSampleDiagnosesICD10Codes"/><use value="out"/><min value="0"/><max value="1"/><type value="integer"/></parameter><parameter><name value="SampleDiagnosisICD10GMCodes"/><use value="out"/><min value="0"/><max value="1"/><type value="string"/></parameter><parameter><name value="NumberOfSampleDiagnosesICD10GMCodes"/><use value="out"/><min value="0"/><max value="1"/><type value="integer"/></parameter><parameter><name value="BodySiteCodes"/><use value="out"/><min value="0"/><max value="1"/><type value="string"/></parameter><parameter><name value="NumberOfBodySiteCodes"/><use value="out"/><min value="0"/><max value="1"/><type value="integer"/></parameter><content><contentType value="text/cql"/><data/></content><content><contentType value="application/elm+xml"/><data/></content></Library>