<?xml version="1.0" encoding="UTF-8"?><Library xmlns="http://hl7.org/fhir"><id value="SpecimenQualityReports"/><url value="https://fhir.bbmri.de/Library/SpecimenQualityReports"/><version value="1.1.0"/><title value="Specimen Quality Reports"/><status value="active"/><type><coding><system value="http://terminology.hl7.org/CodeSystem/library-type"/><code value="logic-library"/></coding></type><subjectCodeableConcept><coding><system value="http://hl7.org/fhir/resource-types"/><code value="Specimen"/></coding></subjectCodeableConcept><date value="2020-05-28T14:12:37+00:00"/><publisher value="BBMRI.de"/><contact><telecom><system value="url"/><value value="https://www.bbmri.de"/></telecom><telecom><system value="email"/><value value="feedback@germanbiobanknode.de"/></telecom></contact><description value="This library contains various expressions used in different specimen related quality reports."/><content><contentType value="text/cql"/><data/></content><content><contentType value="application/elm+xml"/></content></Library>