<?xml version="1.0" encoding="UTF-8"?><Measure xmlns="http://hl7.org/fhir"><id value="PatientQualityReports"/><url value="https://fhir.bbmri.de/Measure/PatientQualityReports"/><version value="1.2.0"/><name value="PatientQualityReports"/><title value="Patient Quality Reports"/><status value="active"/><subjectCodeableConcept><coding><system value="http://hl7.org/fhir/resource-types"/><code value="Patient"/></coding></subjectCodeableConcept><date value="2020-12-11T14:29:00+00:00"/><publisher value="bbmri.de"/><contact><name value="bbmri.de"/><telecom><system value="url"/><value value="bbmri.de"/></telecom><telecom><system value="email"/><value value="feedback@germanbiobanknode.de"/></telecom></contact><description value="This measure contains various patient related stratifiers to help to evaluate data quality."/><library value="https://fhir.bbmri.de/Library/PatientQualityReports"/><scoring><coding><system value="http://terminology.hl7.org/CodeSystem/measure-scoring"/><code value="cohort"/></coding></scoring><group><population><code><coding><system value="http://terminology.hl7.org/CodeSystem/measure-population"/><code value="initial-population"/></coding></code><criteria><language value="text/cql"/><expression value="InInitialPopulation"/></criteria></population><stratifier><code><text value="Gender"/></code><criteria><language value="text/cql"/><expression value="Gender"/></criteria></stratifier><stratifier><code><text value="AgeClass"/></code><criteria><language value="text/cql"/><expression value="AgeClass"/></criteria></stratifier><stratifier><code><text value="HasCovid19"/></code><criteria><language value="text/cql"/><expression value="HasCovid19"/></criteria></stratifier></group></Measure>