<?xml version="1.0" encoding="UTF-8"?><Measure xmlns="http://hl7.org/fhir"><id value="SpecimenQualityReports"/><url value="https://fhir.bbmri.de/Measure/SpecimenQualityReports"/><version value="1.2.0"/><name value="SpecimenQualityReports"/><title value="Specimen Quality Reports"/><status value="draft"/><subjectCodeableConcept><coding><system value="http://hl7.org/fhir/resource-types"/><code value="Specimen"/></coding></subjectCodeableConcept><date value="2022-01-18T15:55:49+00:00"/><publisher value="bbmri.de"/><contact><name value="bbmri.de"/><telecom><system value="url"/><value value="bbmri.de"/></telecom><telecom><system value="email"/><value value="feedback@germanbiobanknode.de"/></telecom></contact><description value="This measure contains various specimen related stratifiers to help to evaluate data quality."/><library value="https://fhir.bbmri.de/Library/SpecimenQualityReports"/><scoring><coding><system value="http://terminology.hl7.org/CodeSystem/measure-scoring"/><code value="cohort"/></coding></scoring><group><population><code><coding><system value="http://terminology.hl7.org/CodeSystem/measure-population"/><code value="initial-population"/></coding></code><criteria><language value="text/cql"/><expression value="InInitialPopulation"/></criteria></population><stratifier><code><text value="FirstSampleMaterialType"/></code><criteria><language value="text/cql"/><expression value="FirstSampleMaterialType"/></criteria></stratifier><stratifier><code><text value="NumberOfSampleMaterialTypes"/></code><criteria><language value="text/cql"/><expression value="NumberOfSampleMaterialTypes"/></criteria></stratifier><stratifier><code><text value="CollectedYear"/></code><criteria><language value="text/cql"/><expression value="CollectedYear"/></criteria></stratifier><stratifier><code><text value="CollectedMonth"/></code><criteria><language value="text/cql"/><expression value="CollectedMonth"/></criteria></stratifier><stratifier><code><text value="CollectedDay"/></code><criteria><language value="text/cql"/><expression value="CollectedDay"/></criteria></stratifier><stratifier><code><text value="CollectedHour"/></code><criteria><language value="text/cql"/><expression value="CollectedHour"/></criteria></stratifier><stratifier><code><text value="StorageTemperatureCodes"/></code><criteria><language value="text/cql"/><expression value="StorageTemperatureCodes"/></criteria></stratifier><stratifier><code><text value="NumberOfStorageTemperatureCodes"/></code><criteria><language value="text/cql"/><expression value="NumberOfStorageTemperatureCodes"/></criteria></stratifier><stratifier><code><text value="SampleDiagnosisICD10Codes"/></code><criteria><language value="text/cql"/><expression value="SampleDiagnosisICD10Codes"/></criteria></stratifier><stratifier><code><text value="NumberOfSampleDiagnosesICD10Codes"/></code><criteria><language value="text/cql"/><expression value="NumberOfSampleDiagnosesICD10Codes"/></criteria></stratifier><stratifier><code><text value="SampleDiagnosisICD10GMCodes"/></code><criteria><language value="text/cql"/><expression value="SampleDiagnosisICD10GMCodes"/></criteria></stratifier><stratifier><code><text value="NumberOfSampleDiagnosesICD10GMCodes"/></code><criteria><language value="text/cql"/><expression value="NumberOfSampleDiagnosesICD10GMCodes"/></criteria></stratifier><stratifier><code><text value="BodySiteCodes"/></code><criteria><language value="text/cql"/><expression value="BodySiteCodes"/></criteria></stratifier><stratifier><code><text value="NumberOfBodySiteCodes"/></code><criteria><language value="text/cql"/><expression value="NumberOfBodySiteCodes"/></criteria></stratifier></group></Measure>