<?xml version="1.0" encoding="UTF-8"?><ValueSet xmlns="http://hl7.org/fhir"><id value="ResourceType"/><text><status value="generated"/><div xmlns="http://www.w3.org/1999/xhtml"><ul><li>Include all codes defined in <a href="CodeSystem-ResourceType.html"><code>https://fhir.bbmri.de/CodeSystem/ResourceType</code></a></li></ul></div></text><url value="https://fhir.bbmri.de/ValueSet/ResourceType"/><version value="1.2.0"/><name value="ResourceType"/><title value="Resource Type"/><status value="active"/><date value="2022-01-18T15:55:49+00:00"/><publisher value="bbmri.de"/><contact><name value="bbmri.de"/><telecom><system value="url"/><value value="bbmri.de"/></telecom><telecom><system value="email"/><value value="feedback@germanbiobanknode.de"/></telecom></contact><compose><include><system value="https://fhir.bbmri.de/CodeSystem/ResourceType"/></include></compose></ValueSet>