<?xml version="1.0" encoding="UTF-8"?><ValueSet xmlns="http://hl7.org/fhir"><id value="BiobankCapabilities"/><text><status value="generated"/><div xmlns="http://www.w3.org/1999/xhtml"><ul><li>Include all codes defined in <a href="CodeSystem-BiobankCapabilities.html"><code>https://fhir.bbmri.de/CodeSystem/BiobankCapabilities</code></a></li></ul></div></text><url value="https://fhir.bbmri.de/ValueSet/BiobankCapabilities"/><version value="1.2.0"/><name value="BiobankCapabilities"/><title value="Biobank Capabilities"/><status value="active"/><date value="2023-09-01T08:46:52+00:00"/><publisher value="bbmri.de"/><contact><name value="bbmri.de"/><telecom><system value="url"/><value value="bbmri.de"/></telecom><telecom><system value="email"/><value value="feedback@germanbiobanknode.de"/></telecom></contact><compose><include><system value="https://fhir.bbmri.de/CodeSystem/BiobankCapabilities"/></include></compose></ValueSet>