<?xml version="1.0" encoding="UTF-8"?><ValueSet xmlns="http://hl7.org/fhir"><id value="SampleMaterialType"/><text><status value="generated"/><div xmlns="http://www.w3.org/1999/xhtml"><h2>Sample Material Type</h2><ul><li>Include all codes defined in <a href="CodeSystem-SampleMaterialType.html"><code>https://fhir.bbmri.de/CodeSystem/SampleMaterialType</code></a></li></ul></div></text><url value="https://fhir.bbmri.de/ValueSet/SampleMaterialType"/><version value="0.1.0-beta"/><name value="SampleMaterialType"/><title value="Sample Material Type"/><status value="draft"/><date value="2020-04-03T07:11:33+00:00"/><publisher value="BBMRI.de"/><contact><telecom><system value="url"/><value value="https://www.bbmri.de"/></telecom><telecom><system value="email"/><value value="feedback@germanbiobanknode.de"/></telecom></contact><jurisdiction><coding><system value="http://unstats.un.org/unsd/methods/m49/m49.htm"/><code value="001"/></coding></jurisdiction><compose><include><system value="https://fhir.bbmri.de/CodeSystem/SampleMaterialType"/></include></compose></ValueSet>