<?xml version="1.0" encoding="UTF-8"?>

<CodeSystem xmlns="http://hl7.org/fhir">
  <id value="QualityStandard"/>
  <text>
    <status value="generated"/><div xmlns="http://www.w3.org/1999/xhtml"><h2>Quality Standard</h2><p>This code system https://fhir.bbmri.de/CodeSystem/QualityStandard defines the following codes:</p><table class="codes"><tr><td style="white-space:nowrap"><b>Code</b></td><td><b>Display</b></td><td><b>Definition</b></td></tr><tr><td style="white-space:nowrap">iso-15189<a name="QualityStandard-iso-15189"> </a></td><td>ISO-15189</td><td/></tr><tr><td style="white-space:nowrap">iso-15190<a name="QualityStandard-iso-15190"> </a></td><td>ISO-15190</td><td/></tr><tr><td style="white-space:nowrap">iso-17025<a name="QualityStandard-iso-17025"> </a></td><td>ISO-17025</td><td/></tr><tr><td style="white-space:nowrap">iso-9001<a name="QualityStandard-iso-9001"> </a></td><td>ISO-9001</td><td/></tr><tr><td style="white-space:nowrap">nfs96-900<a name="QualityStandard-nfs96-900"> </a></td><td>NFS96-900</td><td/></tr><tr><td style="white-space:nowrap">oecd-guidelines<a name="QualityStandard-oecd-guidelines"> </a></td><td>OECD Guidelines</td><td/></tr><tr><td style="white-space:nowrap">others<a name="QualityStandard-others"> </a></td><td>Others</td><td/></tr></table></div>
  </text>
  <url value="https://fhir.bbmri.de/CodeSystem/QualityStandard"/>
  <version value="0.1.0-beta"/>
  <name value="QualityStandard"/>
  <title value="Quality Standard"/>
  <status value="draft"/>
  <date value="2020-04-02T14:50:58+00:00"/>
  <publisher value="BBMRI.de"/>
  <contact>
    <telecom>
      <system value="url"/>
      <value value="https://www.bbmri.de"/>
    </telecom>
    <telecom>
      <system value="email"/>
      <value value="feedback@germanbiobanknode.de"/>
    </telecom>
  </contact>
  <jurisdiction>
    <coding>
      <system value="http://unstats.un.org/unsd/methods/m49/m49.htm"/>
      <code value="001"/>
    </coding>
  </jurisdiction>
  <caseSensitive value="false"/>
  <content value="complete"/>
  <concept>
    <code value="iso-15189"/>
    <display value="ISO-15189"/>
  </concept>
  <concept>
    <code value="iso-15190"/>
    <display value="ISO-15190"/>
  </concept>
  <concept>
    <code value="iso-17025"/>
    <display value="ISO-17025"/>
  </concept>
  <concept>
    <code value="iso-9001"/>
    <display value="ISO-9001"/>
  </concept>
  <concept>
    <code value="nfs96-900"/>
    <display value="NFS96-900"/>
  </concept>
  <concept>
    <code value="oecd-guidelines"/>
    <display value="OECD Guidelines"/>
  </concept>
  <concept>
    <code value="others"/>
    <display value="Others"/>
  </concept>
</CodeSystem>