<?xml version="1.0" encoding="UTF-8"?>

<CodeSystem xmlns="http://hl7.org/fhir">
  <id value="BiobankCapabilities"/>
  <text>
    <status value="generated"/><div xmlns="http://www.w3.org/1999/xhtml">Placeholder</div>
  </text>
  <url value="https://fhir.bbmri.de/CodeSystem/BiobankCapabilities"/>
  <version value="1.2.0"/>
  <name value="BiobankCapabilities"/>
  <title value="Biobank Capabilities"/>
  <status value="active"/>
  <date value="2023-09-01T11:58:43+00:00"/>
  <publisher value="bbmri.de"/>
  <contact>
    <name value="bbmri.de"/>
    <telecom>
      <system value="url"/>
      <value value="bbmri.de"/>
    </telecom>
    <telecom>
      <system value="email"/>
      <value value="feedback@germanbiobanknode.de"/>
    </telecom>
  </contact>
  <content value="complete"/>
  <concept>
    <code value="biomaterial-storage"/>
    <display value="Biological material storage"/>
  </concept>
  <concept>
    <code value="cell-culture"/>
    <display value="Cell culture"/>
  </concept>
  <concept>
    <code value="data-analytics"/>
    <display value="Data analytics"/>
  </concept>
  <concept>
    <code value="data-storage"/>
    <display value="Data Storage"/>
  </concept>
  <concept>
    <code value="digital-imaging"/>
    <display value="Digital imaging"/>
  </concept>
  <concept>
    <code value="immunohistochemistry-scoring"/>
    <display value="Immunohistochemistry scoring"/>
  </concept>
  <concept>
    <code value="immunohistochemistry-staining"/>
    <display value="Immunohistochemistry staining"/>
  </concept>
  <concept>
    <code value="nucleic-acid-extraction"/>
    <display value="Nucleic acid extraction"/>
  </concept>
  <concept>
    <code value="pathology-archive-access"/>
    <display value="Access to the full pathology archive"/>
  </concept>
  <concept>
    <code value="recontact"/>
    <display value="Ability to recontact"/>
  </concept>
  <concept>
    <code value="tma-creation"/>
    <display value="Tissue micro array creation"/>
  </concept>
</CodeSystem>