<?xml version="1.0" encoding="UTF-8"?>

<CodeSystem xmlns="http://hl7.org/fhir">
  <id value="ContactType"/>
  <text>
    <status value="generated"/><div xmlns="http://www.w3.org/1999/xhtml">Placeholder</div>
  </text>
  <url value="https://fhir.bbmri.de/CodeSystem/ContactType"/>
  <version value="1.2.0"/>
  <name value="ContactType"/>
  <title value="Contact Type"/>
  <status value="active"/>
  <date value="2023-09-01T11:58:43+00:00"/>
  <publisher value="bbmri.de"/>
  <contact>
    <name value="bbmri.de"/>
    <telecom>
      <system value="url"/>
      <value value="bbmri.de"/>
    </telecom>
    <telecom>
      <system value="email"/>
      <value value="feedback@germanbiobanknode.de"/>
    </telecom>
  </contact>
  <caseSensitive value="false"/>
  <content value="complete"/>
  <concept>
    <code value="RESEARCH"/>
    <display value="Research"/>
    <definition value="Contact for researchers about sample and data requests"/>
  </concept>
</CodeSystem>