{
  "resourceType" : "CodeSystem",
  "id" : "CollectionType",
  "text" : {
    "status" : "generated",
    "div" : "<div xmlns=\"http://www.w3.org/1999/xhtml\"><p>This code system <code>https://fhir.bbmri.de/CodeSystem/CollectionType</code> defines the following codes:</p><table class=\"codes\"><tr><td style=\"white-space:nowrap\"><b>Code</b></td><td><b>Display</b></td></tr><tr><td style=\"white-space:nowrap\">SAMPLE<a name=\"CollectionType-SAMPLE\"> </a></td><td>Sample collection</td></tr><tr><td style=\"white-space:nowrap\">TWIN_STUDY<a name=\"CollectionType-TWIN_STUDY\"> </a></td><td>Twin-study</td></tr><tr><td style=\"white-space:nowrap\">RD<a name=\"CollectionType-RD\"> </a></td><td>Rare disease collection</td></tr><tr><td style=\"white-space:nowrap\">NON_HUMAN<a name=\"CollectionType-NON_HUMAN\"> </a></td><td>Non-human</td></tr><tr><td style=\"white-space:nowrap\">BIRTH_COHORT<a name=\"CollectionType-BIRTH_COHORT\"> </a></td><td>Birth cohort</td></tr><tr><td style=\"white-space:nowrap\">CASE_CONTROL<a name=\"CollectionType-CASE_CONTROL\"> </a></td><td>Case-Control</td></tr><tr><td style=\"white-space:nowrap\">COHORT<a name=\"CollectionType-COHORT\"> </a></td><td>Cohort</td></tr><tr><td style=\"white-space:nowrap\">CROSS_SECTIONAL<a name=\"CollectionType-CROSS_SECTIONAL\"> </a></td><td>Cross-Sectional</td></tr><tr><td style=\"white-space:nowrap\">DISEASE_SPECIFIC<a name=\"CollectionType-DISEASE_SPECIFIC\"> </a></td><td>Disease specific</td></tr><tr><td style=\"white-space:nowrap\">HOSPITAL<a name=\"CollectionType-HOSPITAL\"> </a></td><td>Hospital</td></tr><tr><td style=\"white-space:nowrap\">IMAGE<a name=\"CollectionType-IMAGE\"> </a></td><td>Image collection</td></tr><tr><td style=\"white-space:nowrap\">LONGITUDINAL<a name=\"CollectionType-LONGITUDINAL\"> </a></td><td>Longitudinal</td></tr><tr><td style=\"white-space:nowrap\">OTHER<a name=\"CollectionType-OTHER\"> </a></td><td>other</td></tr><tr><td style=\"white-space:nowrap\">POPULATION_BASED<a name=\"CollectionType-POPULATION_BASED\"> </a></td><td>Population-based</td></tr><tr><td style=\"white-space:nowrap\">QUALITY_CONTROL<a name=\"CollectionType-QUALITY_CONTROL\"> </a></td><td>Quality control</td></tr></table></div>"
  },
  "url" : "https://fhir.bbmri.de/CodeSystem/CollectionType",
  "version" : "1.2.0",
  "name" : "CollectionType",
  "title" : "Collection Type",
  "status" : "active",
  "date" : "2023-02-08T10:28:33+00:00",
  "publisher" : "bbmri.de",
  "contact" : [{
    "name" : "bbmri.de",
    "telecom" : [{
      "system" : "url",
      "value" : "bbmri.de"
    },
    {
      "system" : "email",
      "value" : "feedback@germanbiobanknode.de"
    }]
  }],
  "caseSensitive" : false,
  "content" : "complete",
  "concept" : [{
    "code" : "SAMPLE",
    "display" : "Sample collection"
  },
  {
    "code" : "TWIN_STUDY",
    "display" : "Twin-study"
  },
  {
    "code" : "RD",
    "display" : "Rare disease collection"
  },
  {
    "code" : "NON_HUMAN",
    "display" : "Non-human"
  },
  {
    "code" : "BIRTH_COHORT",
    "display" : "Birth cohort"
  },
  {
    "code" : "CASE_CONTROL",
    "display" : "Case-Control"
  },
  {
    "code" : "COHORT",
    "display" : "Cohort"
  },
  {
    "code" : "CROSS_SECTIONAL",
    "display" : "Cross-Sectional"
  },
  {
    "code" : "DISEASE_SPECIFIC",
    "display" : "Disease specific"
  },
  {
    "code" : "HOSPITAL",
    "display" : "Hospital"
  },
  {
    "code" : "IMAGE",
    "display" : "Image collection"
  },
  {
    "code" : "LONGITUDINAL",
    "display" : "Longitudinal"
  },
  {
    "code" : "OTHER",
    "display" : "other"
  },
  {
    "code" : "POPULATION_BASED",
    "display" : "Population-based"
  },
  {
    "code" : "QUALITY_CONTROL",
    "display" : "Quality control"
  }]
}