{
  "resourceType" : "Bundle",
  "id" : "d049f174-a1a5-461d-b7c5-c351ab46da4b",
  "meta" : {
    "lastUpdated" : "2020-04-02T14:50:58.019+00:00"
  },
  "type" : "collection",
  "entry" : [{
    "fullUrl" : "https://fhir.bbmri.de/ValueSet/SampleMaterialType",
    "resource" : {
      "resourceType" : "ValueSet",
      "id" : "SampleMaterialType",
      "text" : {
        "status" : "generated",
        "div" : "<div xmlns=\"http://www.w3.org/1999/xhtml\"><p>This value set contains 33 concepts</p><p style=\"border: black 1px dotted; background-color: #EEEEEE; padding: 8px\"/>Expansion based on https://fhir.bbmri.de/CodeSystem/SampleMaterialType version 0.1.0-beta<p>All codes from system <a href=\"CodeSystem-SampleMaterialType.html\"><code>https://fhir.bbmri.de/CodeSystem/SampleMaterialType</code></a></p><table class=\"codes\"><tr><td><b>Lvl</b></td><td style=\"white-space:nowrap\"><b>Code</b></td><td><b>Display</b></td><td><b>Definition</b></td></tr><tr><td><a name=\"https---fhir.bbmri.de-CodeSystem-SampleMaterialType-whole-blood\"> </a>0</td><td style=\"white-space:nowrap\"><a href=\"CodeSystem-SampleMaterialType.html#SampleMaterialType-whole-blood\">whole-blood</a></td><td>Whole blood</td><td/></tr><tr><td><a name=\"https---fhir.bbmri.de-CodeSystem-SampleMaterialType-bone-marrow\"> </a>0</td><td style=\"white-space:nowrap\"><a href=\"CodeSystem-SampleMaterialType.html#SampleMaterialType-bone-marrow\">bone-marrow</a></td><td>Bone marrow</td><td/></tr><tr><td><a name=\"https---fhir.bbmri.de-CodeSystem-SampleMaterialType-buffy-coat\"> </a>0</td><td style=\"white-space:nowrap\"><a href=\"CodeSystem-SampleMaterialType.html#SampleMaterialType-buffy-coat\">buffy-coat</a></td><td>Buffy-Coat</td><td/></tr><tr><td><a name=\"https---fhir.bbmri.de-CodeSystem-SampleMaterialType-dried-whole-blood\"> </a>0</td><td style=\"white-space:nowrap\"><a href=\"CodeSystem-SampleMaterialType.html#SampleMaterialType-dried-whole-blood\">dried-whole-blood</a></td><td>Dried whole blood</td><td/></tr><tr><td><a name=\"https---fhir.bbmri.de-CodeSystem-SampleMaterialType-peripheral-blood-cells-vital\"> </a>0</td><td style=\"white-space:nowrap\"><a href=\"CodeSystem-SampleMaterialType.html#SampleMaterialType-peripheral-blood-cells-vital\">peripheral-blood-cells-vital</a></td><td>Peripheral blood mononuclear cells (PBMCs, viable)</td><td/></tr><tr><td><a name=\"https---fhir.bbmri.de-CodeSystem-SampleMaterialType-blood-plasma\"> </a>0</td><td style=\"white-space:nowrap\"><a href=\"CodeSystem-SampleMaterialType.html#SampleMaterialType-blood-plasma\">blood-plasma</a></td><td>Plasma</td><td/></tr><tr><td><a name=\"https---fhir.bbmri.de-CodeSystem-SampleMaterialType-plasma-edta\"> </a>1</td><td style=\"white-space:nowrap\">  <a href=\"CodeSystem-SampleMaterialType.html#SampleMaterialType-plasma-edta\">plasma-edta</a></td><td>Plasma, EDTA</td><td/></tr><tr><td><a name=\"https---fhir.bbmri.de-CodeSystem-SampleMaterialType-plasma-citrat\"> </a>1</td><td style=\"white-space:nowrap\">  <a href=\"CodeSystem-SampleMaterialType.html#SampleMaterialType-plasma-citrat\">plasma-citrat</a></td><td>Plasma, Citrat</td><td/></tr><tr><td><a name=\"https---fhir.bbmri.de-CodeSystem-SampleMaterialType-plasma-heparin\"> </a>1</td><td style=\"white-space:nowrap\">  <a href=\"CodeSystem-SampleMaterialType.html#SampleMaterialType-plasma-heparin\">plasma-heparin</a></td><td>Plasma, Heparin</td><td/></tr><tr><td><a name=\"https---fhir.bbmri.de-CodeSystem-SampleMaterialType-plasma-cell-free\"> </a>1</td><td style=\"white-space:nowrap\">  <a href=\"CodeSystem-SampleMaterialType.html#SampleMaterialType-plasma-cell-free\">plasma-cell-free</a></td><td>Plasma, cell free</td><td/></tr><tr><td><a name=\"https---fhir.bbmri.de-CodeSystem-SampleMaterialType-plasma-other\"> </a>1</td><td style=\"white-space:nowrap\">  <a href=\"CodeSystem-SampleMaterialType.html#SampleMaterialType-plasma-other\">plasma-other</a></td><td>Plasma, other</td><td/></tr><tr><td><a name=\"https---fhir.bbmri.de-CodeSystem-SampleMaterialType-blood-serum\"> </a>0</td><td style=\"white-space:nowrap\"><a href=\"CodeSystem-SampleMaterialType.html#SampleMaterialType-blood-serum\">blood-serum</a></td><td>Serum</td><td/></tr><tr><td><a name=\"https---fhir.bbmri.de-CodeSystem-SampleMaterialType-ascites\"> </a>0</td><td style=\"white-space:nowrap\"><a href=\"CodeSystem-SampleMaterialType.html#SampleMaterialType-ascites\">ascites</a></td><td>Ascites</td><td/></tr><tr><td><a name=\"https---fhir.bbmri.de-CodeSystem-SampleMaterialType-csf-liquor\"> </a>0</td><td style=\"white-space:nowrap\"><a href=\"CodeSystem-SampleMaterialType.html#SampleMaterialType-csf-liquor\">csf-liquor</a></td><td>CSF/Liquor</td><td/></tr><tr><td><a name=\"https---fhir.bbmri.de-CodeSystem-SampleMaterialType-saliva\"> </a>0</td><td style=\"white-space:nowrap\"><a href=\"CodeSystem-SampleMaterialType.html#SampleMaterialType-saliva\">saliva</a></td><td>Saliva</td><td/></tr><tr><td><a name=\"https---fhir.bbmri.de-CodeSystem-SampleMaterialType-stool-faeces\"> </a>0</td><td style=\"white-space:nowrap\"><a href=\"CodeSystem-SampleMaterialType.html#SampleMaterialType-stool-faeces\">stool-faeces</a></td><td>Stool/Faeces</td><td/></tr><tr><td><a name=\"https---fhir.bbmri.de-CodeSystem-SampleMaterialType-urine\"> </a>0</td><td style=\"white-space:nowrap\"><a href=\"CodeSystem-SampleMaterialType.html#SampleMaterialType-urine\">urine</a></td><td>Urine</td><td/></tr><tr><td><a name=\"https---fhir.bbmri.de-CodeSystem-SampleMaterialType-swab\"> </a>0</td><td style=\"white-space:nowrap\"><a href=\"CodeSystem-SampleMaterialType.html#SampleMaterialType-swab\">swab</a></td><td>Swab</td><td/></tr><tr><td><a name=\"https---fhir.bbmri.de-CodeSystem-SampleMaterialType-liquid-other\"> </a>0</td><td style=\"white-space:nowrap\"><a href=\"CodeSystem-SampleMaterialType.html#SampleMaterialType-liquid-other\">liquid-other</a></td><td>Other liquid biosample/storage</td><td/></tr><tr><td><a name=\"https---fhir.bbmri.de-CodeSystem-SampleMaterialType-tissue-ffpe\"> </a>0</td><td style=\"white-space:nowrap\"><a href=\"CodeSystem-SampleMaterialType.html#SampleMaterialType-tissue-ffpe\">tissue-ffpe</a></td><td>Tissue FFPE</td><td/></tr><tr><td><a name=\"https---fhir.bbmri.de-CodeSystem-SampleMaterialType-tumor-tissue-ffpe\"> </a>1</td><td style=\"white-space:nowrap\">  <a href=\"CodeSystem-SampleMaterialType.html#SampleMaterialType-tumor-tissue-ffpe\">tumor-tissue-ffpe</a></td><td>Tumor tissue (FFPE)</td><td/></tr><tr><td><a name=\"https---fhir.bbmri.de-CodeSystem-SampleMaterialType-normal-tissue-ffpe\"> </a>1</td><td style=\"white-space:nowrap\">  <a href=\"CodeSystem-SampleMaterialType.html#SampleMaterialType-normal-tissue-ffpe\">normal-tissue-ffpe</a></td><td>Normal tissue (FFPE)</td><td/></tr><tr><td><a name=\"https---fhir.bbmri.de-CodeSystem-SampleMaterialType-other-tissue-ffpe\"> </a>1</td><td style=\"white-space:nowrap\">  <a href=\"CodeSystem-SampleMaterialType.html#SampleMaterialType-other-tissue-ffpe\">other-tissue-ffpe</a></td><td>Other tissue (FFPE)</td><td/></tr><tr><td><a name=\"https---fhir.bbmri.de-CodeSystem-SampleMaterialType-tissue-frozen\"> </a>0</td><td style=\"white-space:nowrap\"><a href=\"CodeSystem-SampleMaterialType.html#SampleMaterialType-tissue-frozen\">tissue-frozen</a></td><td>Tissue frozen</td><td/></tr><tr><td><a name=\"https---fhir.bbmri.de-CodeSystem-SampleMaterialType-tumor-tissue-frozen\"> </a>1</td><td style=\"white-space:nowrap\">  <a href=\"CodeSystem-SampleMaterialType.html#SampleMaterialType-tumor-tissue-frozen\">tumor-tissue-frozen</a></td><td>Tumor tissue (frozen)</td><td/></tr><tr><td><a name=\"https---fhir.bbmri.de-CodeSystem-SampleMaterialType-normal-tissue-frozen\"> </a>1</td><td style=\"white-space:nowrap\">  <a href=\"CodeSystem-SampleMaterialType.html#SampleMaterialType-normal-tissue-frozen\">normal-tissue-frozen</a></td><td>Normal tissue (frozen)</td><td/></tr><tr><td><a name=\"https---fhir.bbmri.de-CodeSystem-SampleMaterialType-other-tissue-frozen\"> </a>1</td><td style=\"white-space:nowrap\">  <a href=\"CodeSystem-SampleMaterialType.html#SampleMaterialType-other-tissue-frozen\">other-tissue-frozen</a></td><td>Other tissue (frozen)</td><td/></tr><tr><td><a name=\"https---fhir.bbmri.de-CodeSystem-SampleMaterialType-tissue-other\"> </a>0</td><td style=\"white-space:nowrap\"><a href=\"CodeSystem-SampleMaterialType.html#SampleMaterialType-tissue-other\">tissue-other</a></td><td>Other tissue storage</td><td/></tr><tr><td><a name=\"https---fhir.bbmri.de-CodeSystem-SampleMaterialType-dna\"> </a>0</td><td style=\"white-space:nowrap\"><a href=\"CodeSystem-SampleMaterialType.html#SampleMaterialType-dna\">dna</a></td><td>DNA</td><td/></tr><tr><td><a name=\"https---fhir.bbmri.de-CodeSystem-SampleMaterialType-cf-dna\"> </a>1</td><td style=\"white-space:nowrap\">  <a href=\"CodeSystem-SampleMaterialType.html#SampleMaterialType-cf-dna\">cf-dna</a></td><td>cfDNA</td><td/></tr><tr><td><a name=\"https---fhir.bbmri.de-CodeSystem-SampleMaterialType-g-dna\"> </a>1</td><td style=\"white-space:nowrap\">  <a href=\"CodeSystem-SampleMaterialType.html#SampleMaterialType-g-dna\">g-dna</a></td><td>gDNA</td><td/></tr><tr><td><a name=\"https---fhir.bbmri.de-CodeSystem-SampleMaterialType-rna\"> </a>0</td><td style=\"white-space:nowrap\"><a href=\"CodeSystem-SampleMaterialType.html#SampleMaterialType-rna\">rna</a></td><td>RNA</td><td/></tr><tr><td><a name=\"https---fhir.bbmri.de-CodeSystem-SampleMaterialType-derivative-other\"> </a>0</td><td style=\"white-space:nowrap\"><a href=\"CodeSystem-SampleMaterialType.html#SampleMaterialType-derivative-other\">derivative-other</a></td><td>Other derivative</td><td/></tr></table></div>"
      },
      "url" : "https://fhir.bbmri.de/ValueSet/SampleMaterialType",
      "version" : "0.1.0-beta",
      "name" : "SampleMaterialType",
      "title" : "Sample Material Type",
      "status" : "draft",
      "date" : "2020-04-02T14:50:58+00:00",
      "publisher" : "BBMRI.de",
      "contact" : [{
        "telecom" : [{
          "system" : "url",
          "value" : "https://www.bbmri.de"
        },
        {
          "system" : "email",
          "value" : "feedback@germanbiobanknode.de"
        }]
      }],
      "jurisdiction" : [{
        "coding" : [{
          "system" : "http://unstats.un.org/unsd/methods/m49/m49.htm",
          "code" : "001"
        }]
      }],
      "expansion" : {
        "identifier" : "urn:uuid:d3e4719d-d9d4-4eec-9da2-31e4ded8e3e4",
        "timestamp" : "2020-04-02T14:51:23+00:00",
        "total" : 33,
        "parameter" : [{
          "name" : "excludeNested",
          "valueBoolean" : false
        },
        {
          "name" : "version",
          "valueUri" : "https://fhir.bbmri.de/CodeSystem/SampleMaterialType|0.1.0-beta"
        }],
        "contains" : [{
          "system" : "https://fhir.bbmri.de/CodeSystem/SampleMaterialType",
          "code" : "whole-blood",
          "display" : "Whole blood"
        },
        {
          "system" : "https://fhir.bbmri.de/CodeSystem/SampleMaterialType",
          "code" : "bone-marrow",
          "display" : "Bone marrow"
        },
        {
          "system" : "https://fhir.bbmri.de/CodeSystem/SampleMaterialType",
          "code" : "buffy-coat",
          "display" : "Buffy-Coat"
        },
        {
          "system" : "https://fhir.bbmri.de/CodeSystem/SampleMaterialType",
          "code" : "dried-whole-blood",
          "display" : "Dried whole blood"
        },
        {
          "system" : "https://fhir.bbmri.de/CodeSystem/SampleMaterialType",
          "code" : "peripheral-blood-cells-vital",
          "display" : "Peripheral blood mononuclear cells (PBMCs, viable)"
        },
        {
          "system" : "https://fhir.bbmri.de/CodeSystem/SampleMaterialType",
          "code" : "blood-plasma",
          "display" : "Plasma",
          "contains" : [{
            "system" : "https://fhir.bbmri.de/CodeSystem/SampleMaterialType",
            "code" : "plasma-edta",
            "display" : "Plasma, EDTA"
          },
          {
            "system" : "https://fhir.bbmri.de/CodeSystem/SampleMaterialType",
            "code" : "plasma-citrat",
            "display" : "Plasma, Citrat"
          },
          {
            "system" : "https://fhir.bbmri.de/CodeSystem/SampleMaterialType",
            "code" : "plasma-heparin",
            "display" : "Plasma, Heparin"
          },
          {
            "system" : "https://fhir.bbmri.de/CodeSystem/SampleMaterialType",
            "code" : "plasma-cell-free",
            "display" : "Plasma, cell free"
          },
          {
            "system" : "https://fhir.bbmri.de/CodeSystem/SampleMaterialType",
            "code" : "plasma-other",
            "display" : "Plasma, other"
          }]
        },
        {
          "system" : "https://fhir.bbmri.de/CodeSystem/SampleMaterialType",
          "code" : "blood-serum",
          "display" : "Serum"
        },
        {
          "system" : "https://fhir.bbmri.de/CodeSystem/SampleMaterialType",
          "code" : "ascites",
          "display" : "Ascites"
        },
        {
          "system" : "https://fhir.bbmri.de/CodeSystem/SampleMaterialType",
          "code" : "csf-liquor",
          "display" : "CSF/Liquor"
        },
        {
          "system" : "https://fhir.bbmri.de/CodeSystem/SampleMaterialType",
          "code" : "saliva",
          "display" : "Saliva"
        },
        {
          "system" : "https://fhir.bbmri.de/CodeSystem/SampleMaterialType",
          "code" : "stool-faeces",
          "display" : "Stool/Faeces"
        },
        {
          "system" : "https://fhir.bbmri.de/CodeSystem/SampleMaterialType",
          "code" : "urine",
          "display" : "Urine"
        },
        {
          "system" : "https://fhir.bbmri.de/CodeSystem/SampleMaterialType",
          "code" : "swab",
          "display" : "Swab"
        },
        {
          "system" : "https://fhir.bbmri.de/CodeSystem/SampleMaterialType",
          "code" : "liquid-other",
          "display" : "Other liquid biosample/storage"
        },
        {
          "system" : "https://fhir.bbmri.de/CodeSystem/SampleMaterialType",
          "code" : "tissue-ffpe",
          "display" : "Tissue FFPE",
          "contains" : [{
            "system" : "https://fhir.bbmri.de/CodeSystem/SampleMaterialType",
            "code" : "tumor-tissue-ffpe",
            "display" : "Tumor tissue (FFPE)"
          },
          {
            "system" : "https://fhir.bbmri.de/CodeSystem/SampleMaterialType",
            "code" : "normal-tissue-ffpe",
            "display" : "Normal tissue (FFPE)"
          },
          {
            "system" : "https://fhir.bbmri.de/CodeSystem/SampleMaterialType",
            "code" : "other-tissue-ffpe",
            "display" : "Other tissue (FFPE)"
          }]
        },
        {
          "system" : "https://fhir.bbmri.de/CodeSystem/SampleMaterialType",
          "code" : "tissue-frozen",
          "display" : "Tissue frozen",
          "contains" : [{
            "system" : "https://fhir.bbmri.de/CodeSystem/SampleMaterialType",
            "code" : "tumor-tissue-frozen",
            "display" : "Tumor tissue (frozen)"
          },
          {
            "system" : "https://fhir.bbmri.de/CodeSystem/SampleMaterialType",
            "code" : "normal-tissue-frozen",
            "display" : "Normal tissue (frozen)"
          },
          {
            "system" : "https://fhir.bbmri.de/CodeSystem/SampleMaterialType",
            "code" : "other-tissue-frozen",
            "display" : "Other tissue (frozen)"
          }]
        },
        {
          "system" : "https://fhir.bbmri.de/CodeSystem/SampleMaterialType",
          "code" : "tissue-other",
          "display" : "Other tissue storage"
        },
        {
          "system" : "https://fhir.bbmri.de/CodeSystem/SampleMaterialType",
          "code" : "dna",
          "display" : "DNA",
          "contains" : [{
            "system" : "https://fhir.bbmri.de/CodeSystem/SampleMaterialType",
            "code" : "cf-dna",
            "display" : "cfDNA"
          },
          {
            "system" : "https://fhir.bbmri.de/CodeSystem/SampleMaterialType",
            "code" : "g-dna",
            "display" : "gDNA"
          }]
        },
        {
          "system" : "https://fhir.bbmri.de/CodeSystem/SampleMaterialType",
          "code" : "rna",
          "display" : "RNA"
        },
        {
          "system" : "https://fhir.bbmri.de/CodeSystem/SampleMaterialType",
          "code" : "derivative-other",
          "display" : "Other derivative"
        }]
      }
    }
  },
  {
    "fullUrl" : "https://fhir.bbmri.de/ValueSet/CollectionType",
    "resource" : {
      "resourceType" : "ValueSet",
      "id" : "CollectionType",
      "text" : {
        "status" : "generated",
        "div" : "<div xmlns=\"http://www.w3.org/1999/xhtml\"><p>This value set contains 15 concepts</p><p style=\"border: black 1px dotted; background-color: #EEEEEE; padding: 8px\"/>Expansion based on https://fhir.bbmri.de/CodeSystem/CollectionType version 0.1.0-beta<p>All codes from system <a href=\"CodeSystem-CollectionType.html\"><code>https://fhir.bbmri.de/CodeSystem/CollectionType</code></a></p><table class=\"codes\"><tr><td style=\"white-space:nowrap\"><b>Code</b></td><td><b>Display</b></td><td><b>Definition</b></td></tr><tr><td style=\"white-space:nowrap\"><a name=\"https---fhir.bbmri.de-CodeSystem-CollectionType-SAMPLE\"> </a><a href=\"CodeSystem-CollectionType.html#CollectionType-SAMPLE\">SAMPLE</a></td><td>Sample collection</td><td/></tr><tr><td style=\"white-space:nowrap\"><a name=\"https---fhir.bbmri.de-CodeSystem-CollectionType-TWIN-STUDY\"> </a><a href=\"CodeSystem-CollectionType.html#CollectionType-TWIN_STUDY\">TWIN_STUDY</a></td><td>Twin-study</td><td/></tr><tr><td style=\"white-space:nowrap\"><a name=\"https---fhir.bbmri.de-CodeSystem-CollectionType-RD\"> </a><a href=\"CodeSystem-CollectionType.html#CollectionType-RD\">RD</a></td><td>Rare disease collection</td><td/></tr><tr><td style=\"white-space:nowrap\"><a name=\"https---fhir.bbmri.de-CodeSystem-CollectionType-NON-HUMAN\"> </a><a href=\"CodeSystem-CollectionType.html#CollectionType-NON_HUMAN\">NON_HUMAN</a></td><td>Non-human</td><td/></tr><tr><td style=\"white-space:nowrap\"><a name=\"https---fhir.bbmri.de-CodeSystem-CollectionType-BIRTH-COHORT\"> </a><a href=\"CodeSystem-CollectionType.html#CollectionType-BIRTH_COHORT\">BIRTH_COHORT</a></td><td>Birth cohort</td><td/></tr><tr><td style=\"white-space:nowrap\"><a name=\"https---fhir.bbmri.de-CodeSystem-CollectionType-CASE-CONTROL\"> </a><a href=\"CodeSystem-CollectionType.html#CollectionType-CASE_CONTROL\">CASE_CONTROL</a></td><td>Case-Control</td><td/></tr><tr><td style=\"white-space:nowrap\"><a name=\"https---fhir.bbmri.de-CodeSystem-CollectionType-COHORT\"> </a><a href=\"CodeSystem-CollectionType.html#CollectionType-COHORT\">COHORT</a></td><td>Cohort</td><td/></tr><tr><td style=\"white-space:nowrap\"><a name=\"https---fhir.bbmri.de-CodeSystem-CollectionType-CROSS-SECTIONAL\"> </a><a href=\"CodeSystem-CollectionType.html#CollectionType-CROSS_SECTIONAL\">CROSS_SECTIONAL</a></td><td>Cross-Sectional</td><td/></tr><tr><td style=\"white-space:nowrap\"><a name=\"https---fhir.bbmri.de-CodeSystem-CollectionType-DISEASE-SPECIFIC\"> </a><a href=\"CodeSystem-CollectionType.html#CollectionType-DISEASE_SPECIFIC\">DISEASE_SPECIFIC</a></td><td>Disease specific</td><td/></tr><tr><td style=\"white-space:nowrap\"><a name=\"https---fhir.bbmri.de-CodeSystem-CollectionType-HOSPITAL\"> </a><a href=\"CodeSystem-CollectionType.html#CollectionType-HOSPITAL\">HOSPITAL</a></td><td>Hospital</td><td/></tr><tr><td style=\"white-space:nowrap\"><a name=\"https---fhir.bbmri.de-CodeSystem-CollectionType-IMAGE\"> </a><a href=\"CodeSystem-CollectionType.html#CollectionType-IMAGE\">IMAGE</a></td><td>Image collection</td><td/></tr><tr><td style=\"white-space:nowrap\"><a name=\"https---fhir.bbmri.de-CodeSystem-CollectionType-LONGITUDINAL\"> </a><a href=\"CodeSystem-CollectionType.html#CollectionType-LONGITUDINAL\">LONGITUDINAL</a></td><td>Longitudinal</td><td/></tr><tr><td style=\"white-space:nowrap\"><a name=\"https---fhir.bbmri.de-CodeSystem-CollectionType-OTHER\"> </a><a href=\"CodeSystem-CollectionType.html#CollectionType-OTHER\">OTHER</a></td><td>other</td><td/></tr><tr><td style=\"white-space:nowrap\"><a name=\"https---fhir.bbmri.de-CodeSystem-CollectionType-POPULATION-BASED\"> </a><a href=\"CodeSystem-CollectionType.html#CollectionType-POPULATION_BASED\">POPULATION_BASED</a></td><td>Population-based</td><td/></tr><tr><td style=\"white-space:nowrap\"><a name=\"https---fhir.bbmri.de-CodeSystem-CollectionType-QUALITY-CONTROL\"> </a><a href=\"CodeSystem-CollectionType.html#CollectionType-QUALITY_CONTROL\">QUALITY_CONTROL</a></td><td>Quality control</td><td/></tr></table></div>"
      },
      "url" : "https://fhir.bbmri.de/ValueSet/CollectionType",
      "version" : "0.1.0-beta",
      "name" : "CollectionType",
      "title" : "Collection Type",
      "status" : "draft",
      "date" : "2020-04-02T14:50:58+00:00",
      "publisher" : "BBMRI.de",
      "contact" : [{
        "telecom" : [{
          "system" : "url",
          "value" : "https://www.bbmri.de"
        },
        {
          "system" : "email",
          "value" : "feedback@germanbiobanknode.de"
        }]
      }],
      "jurisdiction" : [{
        "coding" : [{
          "system" : "http://unstats.un.org/unsd/methods/m49/m49.htm",
          "code" : "001"
        }]
      }],
      "expansion" : {
        "identifier" : "urn:uuid:8e2d2f60-6507-4ead-9b74-730a2f617348",
        "timestamp" : "2020-04-02T14:51:24+00:00",
        "total" : 15,
        "parameter" : [{
          "name" : "excludeNested",
          "valueBoolean" : false
        },
        {
          "name" : "version",
          "valueUri" : "https://fhir.bbmri.de/CodeSystem/CollectionType|0.1.0-beta"
        }],
        "contains" : [{
          "system" : "https://fhir.bbmri.de/CodeSystem/CollectionType",
          "code" : "SAMPLE",
          "display" : "Sample collection"
        },
        {
          "system" : "https://fhir.bbmri.de/CodeSystem/CollectionType",
          "code" : "TWIN_STUDY",
          "display" : "Twin-study"
        },
        {
          "system" : "https://fhir.bbmri.de/CodeSystem/CollectionType",
          "code" : "RD",
          "display" : "Rare disease collection"
        },
        {
          "system" : "https://fhir.bbmri.de/CodeSystem/CollectionType",
          "code" : "NON_HUMAN",
          "display" : "Non-human"
        },
        {
          "system" : "https://fhir.bbmri.de/CodeSystem/CollectionType",
          "code" : "BIRTH_COHORT",
          "display" : "Birth cohort"
        },
        {
          "system" : "https://fhir.bbmri.de/CodeSystem/CollectionType",
          "code" : "CASE_CONTROL",
          "display" : "Case-Control"
        },
        {
          "system" : "https://fhir.bbmri.de/CodeSystem/CollectionType",
          "code" : "COHORT",
          "display" : "Cohort"
        },
        {
          "system" : "https://fhir.bbmri.de/CodeSystem/CollectionType",
          "code" : "CROSS_SECTIONAL",
          "display" : "Cross-Sectional"
        },
        {
          "system" : "https://fhir.bbmri.de/CodeSystem/CollectionType",
          "code" : "DISEASE_SPECIFIC",
          "display" : "Disease specific"
        },
        {
          "system" : "https://fhir.bbmri.de/CodeSystem/CollectionType",
          "code" : "HOSPITAL",
          "display" : "Hospital"
        },
        {
          "system" : "https://fhir.bbmri.de/CodeSystem/CollectionType",
          "code" : "IMAGE",
          "display" : "Image collection"
        },
        {
          "system" : "https://fhir.bbmri.de/CodeSystem/CollectionType",
          "code" : "LONGITUDINAL",
          "display" : "Longitudinal"
        },
        {
          "system" : "https://fhir.bbmri.de/CodeSystem/CollectionType",
          "code" : "OTHER",
          "display" : "other"
        },
        {
          "system" : "https://fhir.bbmri.de/CodeSystem/CollectionType",
          "code" : "POPULATION_BASED",
          "display" : "Population-based"
        },
        {
          "system" : "https://fhir.bbmri.de/CodeSystem/CollectionType",
          "code" : "QUALITY_CONTROL",
          "display" : "Quality control"
        }]
      }
    }
  },
  {
    "fullUrl" : "https://fhir.bbmri.de/ValueSet/ResourceType",
    "resource" : {
      "resourceType" : "ValueSet",
      "id" : "ResourceType",
      "text" : {
        "status" : "generated",
        "div" : "<div xmlns=\"http://www.w3.org/1999/xhtml\"><p>This value set contains 3 concepts</p><p style=\"border: black 1px dotted; background-color: #EEEEEE; padding: 8px\"/>Expansion based on https://fhir.bbmri.de/CodeSystem/ResourceType version 0.1.0-beta<p>All codes from system <a href=\"CodeSystem-ResourceType.html\"><code>https://fhir.bbmri.de/CodeSystem/ResourceType</code></a></p><table class=\"codes\"><tr><td style=\"white-space:nowrap\"><b>Code</b></td><td><b>Display</b></td><td><b>Definition</b></td></tr><tr><td style=\"white-space:nowrap\"><a name=\"https---fhir.bbmri.de-CodeSystem-ResourceType-samples\"> </a><a href=\"CodeSystem-ResourceType.html#ResourceType-samples\">samples</a></td><td>Samples</td><td/></tr><tr><td style=\"white-space:nowrap\"><a name=\"https---fhir.bbmri.de-CodeSystem-ResourceType-data\"> </a><a href=\"CodeSystem-ResourceType.html#ResourceType-data\">data</a></td><td>Data</td><td/></tr><tr><td style=\"white-space:nowrap\"><a name=\"https---fhir.bbmri.de-CodeSystem-ResourceType-images\"> </a><a href=\"CodeSystem-ResourceType.html#ResourceType-images\">images</a></td><td>Images</td><td/></tr></table></div>"
      },
      "url" : "https://fhir.bbmri.de/ValueSet/ResourceType",
      "version" : "0.1.0-beta",
      "name" : "ResourceType",
      "title" : "Resource Type",
      "status" : "draft",
      "date" : "2020-04-02T14:50:58+00:00",
      "publisher" : "BBMRI.de",
      "contact" : [{
        "telecom" : [{
          "system" : "url",
          "value" : "https://www.bbmri.de"
        },
        {
          "system" : "email",
          "value" : "feedback@germanbiobanknode.de"
        }]
      }],
      "jurisdiction" : [{
        "coding" : [{
          "system" : "http://unstats.un.org/unsd/methods/m49/m49.htm",
          "code" : "001"
        }]
      }],
      "expansion" : {
        "identifier" : "urn:uuid:9344fae7-90be-42ae-953a-365bee46bced",
        "timestamp" : "2020-04-02T14:51:25+00:00",
        "total" : 3,
        "parameter" : [{
          "name" : "excludeNested",
          "valueBoolean" : false
        },
        {
          "name" : "version",
          "valueUri" : "https://fhir.bbmri.de/CodeSystem/ResourceType|0.1.0-beta"
        }],
        "contains" : [{
          "system" : "https://fhir.bbmri.de/CodeSystem/ResourceType",
          "code" : "samples",
          "display" : "Samples"
        },
        {
          "system" : "https://fhir.bbmri.de/CodeSystem/ResourceType",
          "code" : "data",
          "display" : "Data"
        },
        {
          "system" : "https://fhir.bbmri.de/CodeSystem/ResourceType",
          "code" : "images",
          "display" : "Images"
        }]
      }
    }
  },
  {
    "fullUrl" : "https://fhir.bbmri.de/ValueSet/OtherSampleDiagnosis",
    "resource" : {
      "resourceType" : "ValueSet",
      "id" : "OtherSampleDiagnosis",
      "text" : {
        "status" : "generated",
        "div" : "<div xmlns=\"http://www.w3.org/1999/xhtml\"><p>This value set contains 4 concepts</p><p style=\"border: black 1px dotted; background-color: #EEEEEE; padding: 8px\"/>Expansion based on https://fhir.bbmri.de/CodeSystem/OtherSampleDiagnosis version 0.1.0-beta<p>All codes from system <a href=\"CodeSystem-OtherSampleDiagnosis.html\"><code>https://fhir.bbmri.de/CodeSystem/OtherSampleDiagnosis</code></a></p><table class=\"codes\"><tr><td style=\"white-space:nowrap\"><b>Code</b></td><td><b>Display</b></td><td><b>Definition</b></td></tr><tr><td style=\"white-space:nowrap\"><a name=\"https---fhir.bbmri.de-CodeSystem-OtherSampleDiagnosis-healthy\"> </a><a href=\"CodeSystem-OtherSampleDiagnosis.html#OtherSampleDiagnosis-healthy\">healthy</a></td><td>Healthy</td><td>Sample contains healthy material</td></tr><tr><td style=\"white-space:nowrap\"><a name=\"https---fhir.bbmri.de-CodeSystem-OtherSampleDiagnosis-unknown\"> </a><a href=\"CodeSystem-OtherSampleDiagnosis.html#OtherSampleDiagnosis-unknown\">unknown</a></td><td>Unknown</td><td/></tr><tr><td style=\"white-space:nowrap\"><a name=\"https---fhir.bbmri.de-CodeSystem-OtherSampleDiagnosis-not-applicable\"> </a><a href=\"CodeSystem-OtherSampleDiagnosis.html#OtherSampleDiagnosis-not-applicable\">not-applicable</a></td><td>Not applicable</td><td/></tr><tr><td style=\"white-space:nowrap\"><a name=\"https---fhir.bbmri.de-CodeSystem-OtherSampleDiagnosis-unspecified-tumor\"> </a><a href=\"CodeSystem-OtherSampleDiagnosis.html#OtherSampleDiagnosis-unspecified-tumor\">unspecified-tumor</a></td><td>Unspecified tumor</td><td>Sample contains tumor material, a specific diagnosis is not known</td></tr></table></div>"
      },
      "url" : "https://fhir.bbmri.de/ValueSet/OtherSampleDiagnosis",
      "version" : "0.1.0-beta",
      "name" : "OtherSampleDiagnosis",
      "title" : "other sample diagnosis",
      "status" : "draft",
      "date" : "2020-04-02T14:50:58+00:00",
      "publisher" : "BBMRI.de",
      "contact" : [{
        "telecom" : [{
          "system" : "url",
          "value" : "https://www.bbmri.de"
        },
        {
          "system" : "email",
          "value" : "feedback@germanbiobanknode.de"
        }]
      }],
      "jurisdiction" : [{
        "coding" : [{
          "system" : "http://unstats.un.org/unsd/methods/m49/m49.htm",
          "code" : "001"
        }]
      }],
      "expansion" : {
        "identifier" : "urn:uuid:2e1d74ba-caad-451e-8a03-afd96ec47590",
        "timestamp" : "2020-04-02T14:51:28+00:00",
        "total" : 4,
        "parameter" : [{
          "name" : "excludeNested",
          "valueBoolean" : false
        },
        {
          "name" : "version",
          "valueUri" : "https://fhir.bbmri.de/CodeSystem/OtherSampleDiagnosis|0.1.0-beta"
        }],
        "contains" : [{
          "system" : "https://fhir.bbmri.de/CodeSystem/OtherSampleDiagnosis",
          "code" : "healthy",
          "display" : "Healthy"
        },
        {
          "system" : "https://fhir.bbmri.de/CodeSystem/OtherSampleDiagnosis",
          "code" : "unknown",
          "display" : "Unknown"
        },
        {
          "system" : "https://fhir.bbmri.de/CodeSystem/OtherSampleDiagnosis",
          "code" : "not-applicable",
          "display" : "Not applicable"
        },
        {
          "system" : "https://fhir.bbmri.de/CodeSystem/OtherSampleDiagnosis",
          "code" : "unspecified-tumor",
          "display" : "Unspecified tumor"
        }]
      }
    }
  },
  {
    "fullUrl" : "https://fhir.bbmri.de/ValueSet/QualityStandard",
    "resource" : {
      "resourceType" : "ValueSet",
      "id" : "QualityStandard",
      "text" : {
        "status" : "generated",
        "div" : "<div xmlns=\"http://www.w3.org/1999/xhtml\"><p>This value set contains 7 concepts</p><p style=\"border: black 1px dotted; background-color: #EEEEEE; padding: 8px\"/>Expansion based on https://fhir.bbmri.de/CodeSystem/QualityStandard version 0.1.0-beta<p>All codes from system <a href=\"CodeSystem-QualityStandard.html\"><code>https://fhir.bbmri.de/CodeSystem/QualityStandard</code></a></p><table class=\"codes\"><tr><td style=\"white-space:nowrap\"><b>Code</b></td><td><b>Display</b></td><td><b>Definition</b></td></tr><tr><td style=\"white-space:nowrap\"><a name=\"https---fhir.bbmri.de-CodeSystem-QualityStandard-iso-15189\"> </a><a href=\"CodeSystem-QualityStandard.html#QualityStandard-iso-15189\">iso-15189</a></td><td>ISO-15189</td><td/></tr><tr><td style=\"white-space:nowrap\"><a name=\"https---fhir.bbmri.de-CodeSystem-QualityStandard-iso-15190\"> </a><a href=\"CodeSystem-QualityStandard.html#QualityStandard-iso-15190\">iso-15190</a></td><td>ISO-15190</td><td/></tr><tr><td style=\"white-space:nowrap\"><a name=\"https---fhir.bbmri.de-CodeSystem-QualityStandard-iso-17025\"> </a><a href=\"CodeSystem-QualityStandard.html#QualityStandard-iso-17025\">iso-17025</a></td><td>ISO-17025</td><td/></tr><tr><td style=\"white-space:nowrap\"><a name=\"https---fhir.bbmri.de-CodeSystem-QualityStandard-iso-9001\"> </a><a href=\"CodeSystem-QualityStandard.html#QualityStandard-iso-9001\">iso-9001</a></td><td>ISO-9001</td><td/></tr><tr><td style=\"white-space:nowrap\"><a name=\"https---fhir.bbmri.de-CodeSystem-QualityStandard-nfs96-900\"> </a><a href=\"CodeSystem-QualityStandard.html#QualityStandard-nfs96-900\">nfs96-900</a></td><td>NFS96-900</td><td/></tr><tr><td style=\"white-space:nowrap\"><a name=\"https---fhir.bbmri.de-CodeSystem-QualityStandard-oecd-guidelines\"> </a><a href=\"CodeSystem-QualityStandard.html#QualityStandard-oecd-guidelines\">oecd-guidelines</a></td><td>OECD Guidelines</td><td/></tr><tr><td style=\"white-space:nowrap\"><a name=\"https---fhir.bbmri.de-CodeSystem-QualityStandard-others\"> </a><a href=\"CodeSystem-QualityStandard.html#QualityStandard-others\">others</a></td><td>Others</td><td/></tr></table></div>"
      },
      "url" : "https://fhir.bbmri.de/ValueSet/QualityStandard",
      "version" : "0.1.0-beta",
      "name" : "QualityStandard",
      "title" : "Quality Standard",
      "status" : "draft",
      "date" : "2020-04-02T14:50:58+00:00",
      "publisher" : "BBMRI.de",
      "contact" : [{
        "telecom" : [{
          "system" : "url",
          "value" : "https://www.bbmri.de"
        },
        {
          "system" : "email",
          "value" : "feedback@germanbiobanknode.de"
        }]
      }],
      "jurisdiction" : [{
        "coding" : [{
          "system" : "http://unstats.un.org/unsd/methods/m49/m49.htm",
          "code" : "001"
        }]
      }],
      "expansion" : {
        "identifier" : "urn:uuid:d025ad21-4ff3-407a-bf3b-cba6db918f0a",
        "timestamp" : "2020-04-02T14:51:29+00:00",
        "total" : 7,
        "parameter" : [{
          "name" : "excludeNested",
          "valueBoolean" : false
        },
        {
          "name" : "version",
          "valueUri" : "https://fhir.bbmri.de/CodeSystem/QualityStandard|0.1.0-beta"
        }],
        "contains" : [{
          "system" : "https://fhir.bbmri.de/CodeSystem/QualityStandard",
          "code" : "iso-15189",
          "display" : "ISO-15189"
        },
        {
          "system" : "https://fhir.bbmri.de/CodeSystem/QualityStandard",
          "code" : "iso-15190",
          "display" : "ISO-15190"
        },
        {
          "system" : "https://fhir.bbmri.de/CodeSystem/QualityStandard",
          "code" : "iso-17025",
          "display" : "ISO-17025"
        },
        {
          "system" : "https://fhir.bbmri.de/CodeSystem/QualityStandard",
          "code" : "iso-9001",
          "display" : "ISO-9001"
        },
        {
          "system" : "https://fhir.bbmri.de/CodeSystem/QualityStandard",
          "code" : "nfs96-900",
          "display" : "NFS96-900"
        },
        {
          "system" : "https://fhir.bbmri.de/CodeSystem/QualityStandard",
          "code" : "oecd-guidelines",
          "display" : "OECD Guidelines"
        },
        {
          "system" : "https://fhir.bbmri.de/CodeSystem/QualityStandard",
          "code" : "others",
          "display" : "Others"
        }]
      }
    }
  },
  {
    "fullUrl" : "https://fhir.bbmri.de/ValueSet/StorageTemperature",
    "resource" : {
      "resourceType" : "ValueSet",
      "id" : "StorageTemperature",
      "text" : {
        "status" : "generated",
        "div" : "<div xmlns=\"http://www.w3.org/1999/xhtml\"><p>This value set contains 7 concepts</p><p style=\"border: black 1px dotted; background-color: #EEEEEE; padding: 8px\"/>Expansion based on https://fhir.bbmri.de/CodeSystem/StorageTemperature version 0.1.0-beta<p>All codes from system <a href=\"CodeSystem-StorageTemperature.html\"><code>https://fhir.bbmri.de/CodeSystem/StorageTemperature</code></a></p><table class=\"codes\"><tr><td style=\"white-space:nowrap\"><b>Code</b></td><td><b>Display</b></td><td><b>Definition</b></td></tr><tr><td style=\"white-space:nowrap\"><a name=\"https---fhir.bbmri.de-CodeSystem-StorageTemperature-temperature2to10\"> </a><a href=\"CodeSystem-StorageTemperature.html#StorageTemperature-temperature2to10\">temperature2to10</a></td><td>Degrees Celsius 2 to 10</td><td/></tr><tr><td style=\"white-space:nowrap\"><a name=\"https---fhir.bbmri.de-CodeSystem-StorageTemperature-temperature-18to-35\"> </a><a href=\"CodeSystem-StorageTemperature.html#StorageTemperature-temperature-18to-35\">temperature-18to-35</a></td><td>Degrees Celsius -18 to -35</td><td/></tr><tr><td style=\"white-space:nowrap\"><a name=\"https---fhir.bbmri.de-CodeSystem-StorageTemperature-temperature-60to-85\"> </a><a href=\"CodeSystem-StorageTemperature.html#StorageTemperature-temperature-60to-85\">temperature-60to-85</a></td><td>Degrees Celsius -60 to -85</td><td/></tr><tr><td style=\"white-space:nowrap\"><a name=\"https---fhir.bbmri.de-CodeSystem-StorageTemperature-temperatureGN\"> </a><a href=\"CodeSystem-StorageTemperature.html#StorageTemperature-temperatureGN\">temperatureGN</a></td><td>Gaseous nitrogen</td><td/></tr><tr><td style=\"white-space:nowrap\"><a name=\"https---fhir.bbmri.de-CodeSystem-StorageTemperature-temperatureLN\"> </a><a href=\"CodeSystem-StorageTemperature.html#StorageTemperature-temperatureLN\">temperatureLN</a></td><td>Liquid nitrogen</td><td/></tr><tr><td style=\"white-space:nowrap\"><a name=\"https---fhir.bbmri.de-CodeSystem-StorageTemperature-temperatureRoom\"> </a><a href=\"CodeSystem-StorageTemperature.html#StorageTemperature-temperatureRoom\">temperatureRoom</a></td><td>Room temperature</td><td/></tr><tr><td style=\"white-space:nowrap\"><a name=\"https---fhir.bbmri.de-CodeSystem-StorageTemperature-temperatureOther\"> </a><a href=\"CodeSystem-StorageTemperature.html#StorageTemperature-temperatureOther\">temperatureOther</a></td><td>Other storage temperature</td><td/></tr></table></div>"
      },
      "url" : "https://fhir.bbmri.de/ValueSet/StorageTemperature",
      "version" : "0.1.0-beta",
      "name" : "StorageTemperature",
      "title" : "Storage Temperature",
      "status" : "draft",
      "date" : "2020-04-02T14:50:58+00:00",
      "publisher" : "BBMRI.de",
      "contact" : [{
        "telecom" : [{
          "system" : "url",
          "value" : "https://www.bbmri.de"
        },
        {
          "system" : "email",
          "value" : "feedback@germanbiobanknode.de"
        }]
      }],
      "jurisdiction" : [{
        "coding" : [{
          "system" : "http://unstats.un.org/unsd/methods/m49/m49.htm",
          "code" : "001"
        }]
      }],
      "expansion" : {
        "identifier" : "urn:uuid:6a25a643-4e2d-4bd3-8cff-c1388769e9db",
        "timestamp" : "2020-04-02T14:51:29+00:00",
        "total" : 7,
        "parameter" : [{
          "name" : "excludeNested",
          "valueBoolean" : false
        },
        {
          "name" : "version",
          "valueUri" : "https://fhir.bbmri.de/CodeSystem/StorageTemperature|0.1.0-beta"
        }],
        "contains" : [{
          "system" : "https://fhir.bbmri.de/CodeSystem/StorageTemperature",
          "code" : "temperature2to10",
          "display" : "Degrees Celsius 2 to 10"
        },
        {
          "system" : "https://fhir.bbmri.de/CodeSystem/StorageTemperature",
          "code" : "temperature-18to-35",
          "display" : "Degrees Celsius -18 to -35"
        },
        {
          "system" : "https://fhir.bbmri.de/CodeSystem/StorageTemperature",
          "code" : "temperature-60to-85",
          "display" : "Degrees Celsius -60 to -85"
        },
        {
          "system" : "https://fhir.bbmri.de/CodeSystem/StorageTemperature",
          "code" : "temperatureGN",
          "display" : "Gaseous nitrogen"
        },
        {
          "system" : "https://fhir.bbmri.de/CodeSystem/StorageTemperature",
          "code" : "temperatureLN",
          "display" : "Liquid nitrogen"
        },
        {
          "system" : "https://fhir.bbmri.de/CodeSystem/StorageTemperature",
          "code" : "temperatureRoom",
          "display" : "Room temperature"
        },
        {
          "system" : "https://fhir.bbmri.de/CodeSystem/StorageTemperature",
          "code" : "temperatureOther",
          "display" : "Other storage temperature"
        }]
      }
    }
  },
  {
    "fullUrl" : "https://fhir.bbmri.de/ValueSet/BiobankCapabilities",
    "resource" : {
      "resourceType" : "ValueSet",
      "id" : "BiobankCapabilities",
      "text" : {
        "status" : "generated",
        "div" : "<div xmlns=\"http://www.w3.org/1999/xhtml\"><p>This value set contains 11 concepts</p><p style=\"border: black 1px dotted; background-color: #EEEEEE; padding: 8px\"/>Expansion based on https://fhir.bbmri.de/CodeSystem/BiobankCapabilities version 0.1.0-beta<p>All codes from system <a href=\"CodeSystem-BiobankCapabilities.html\"><code>https://fhir.bbmri.de/CodeSystem/BiobankCapabilities</code></a></p><table class=\"codes\"><tr><td style=\"white-space:nowrap\"><b>Code</b></td><td><b>Display</b></td><td><b>Definition</b></td></tr><tr><td style=\"white-space:nowrap\"><a name=\"https---fhir.bbmri.de-CodeSystem-BiobankCapabilities-biomaterial-storage\"> </a><a href=\"CodeSystem-BiobankCapabilities.html#BiobankCapabilities-biomaterial-storage\">biomaterial-storage</a></td><td>Biological material storage</td><td/></tr><tr><td style=\"white-space:nowrap\"><a name=\"https---fhir.bbmri.de-CodeSystem-BiobankCapabilities-cell-culture\"> </a><a href=\"CodeSystem-BiobankCapabilities.html#BiobankCapabilities-cell-culture\">cell-culture</a></td><td>Cell culture</td><td/></tr><tr><td style=\"white-space:nowrap\"><a name=\"https---fhir.bbmri.de-CodeSystem-BiobankCapabilities-data-analytics\"> </a><a href=\"CodeSystem-BiobankCapabilities.html#BiobankCapabilities-data-analytics\">data-analytics</a></td><td>Data analytics</td><td/></tr><tr><td style=\"white-space:nowrap\"><a name=\"https---fhir.bbmri.de-CodeSystem-BiobankCapabilities-data-storage\"> </a><a href=\"CodeSystem-BiobankCapabilities.html#BiobankCapabilities-data-storage\">data-storage</a></td><td>Data Storage</td><td/></tr><tr><td style=\"white-space:nowrap\"><a name=\"https---fhir.bbmri.de-CodeSystem-BiobankCapabilities-digital-imaging\"> </a><a href=\"CodeSystem-BiobankCapabilities.html#BiobankCapabilities-digital-imaging\">digital-imaging</a></td><td>Digital imaging</td><td/></tr><tr><td style=\"white-space:nowrap\"><a name=\"https---fhir.bbmri.de-CodeSystem-BiobankCapabilities-immunohistochemistry-scoring\"> </a><a href=\"CodeSystem-BiobankCapabilities.html#BiobankCapabilities-immunohistochemistry-scoring\">immunohistochemistry-scoring</a></td><td>Immunohistochemistry scoring</td><td/></tr><tr><td style=\"white-space:nowrap\"><a name=\"https---fhir.bbmri.de-CodeSystem-BiobankCapabilities-immunohistochemistry-staining\"> </a><a href=\"CodeSystem-BiobankCapabilities.html#BiobankCapabilities-immunohistochemistry-staining\">immunohistochemistry-staining</a></td><td>Immunohistochemistry staining</td><td/></tr><tr><td style=\"white-space:nowrap\"><a name=\"https---fhir.bbmri.de-CodeSystem-BiobankCapabilities-nucleic-acid-extraction\"> </a><a href=\"CodeSystem-BiobankCapabilities.html#BiobankCapabilities-nucleic-acid-extraction\">nucleic-acid-extraction</a></td><td>Nucleic acid extraction</td><td/></tr><tr><td style=\"white-space:nowrap\"><a name=\"https---fhir.bbmri.de-CodeSystem-BiobankCapabilities-pathology-archive-access\"> </a><a href=\"CodeSystem-BiobankCapabilities.html#BiobankCapabilities-pathology-archive-access\">pathology-archive-access</a></td><td>Access to the full pathology archive</td><td/></tr><tr><td style=\"white-space:nowrap\"><a name=\"https---fhir.bbmri.de-CodeSystem-BiobankCapabilities-recontact\"> </a><a href=\"CodeSystem-BiobankCapabilities.html#BiobankCapabilities-recontact\">recontact</a></td><td>Ability to recontact</td><td/></tr><tr><td style=\"white-space:nowrap\"><a name=\"https---fhir.bbmri.de-CodeSystem-BiobankCapabilities-tma-creation\"> </a><a href=\"CodeSystem-BiobankCapabilities.html#BiobankCapabilities-tma-creation\">tma-creation</a></td><td>Tissue micro array creation</td><td/></tr></table></div>"
      },
      "url" : "https://fhir.bbmri.de/ValueSet/BiobankCapabilities",
      "version" : "0.1.0-beta",
      "name" : "BiobankCapabilities",
      "title" : "Biobank Capabilities",
      "status" : "draft",
      "date" : "2020-04-02T14:50:58+00:00",
      "publisher" : "BBMRI.de",
      "contact" : [{
        "telecom" : [{
          "system" : "url",
          "value" : "https://www.bbmri.de"
        },
        {
          "system" : "email",
          "value" : "feedback@germanbiobanknode.de"
        }]
      }],
      "jurisdiction" : [{
        "coding" : [{
          "system" : "http://unstats.un.org/unsd/methods/m49/m49.htm",
          "code" : "001"
        }]
      }],
      "expansion" : {
        "identifier" : "urn:uuid:622b5741-403e-42dc-80ba-339974c598bb",
        "timestamp" : "2020-04-02T14:51:31+00:00",
        "total" : 11,
        "parameter" : [{
          "name" : "excludeNested",
          "valueBoolean" : false
        },
        {
          "name" : "version",
          "valueUri" : "https://fhir.bbmri.de/CodeSystem/BiobankCapabilities|0.1.0-beta"
        }],
        "contains" : [{
          "system" : "https://fhir.bbmri.de/CodeSystem/BiobankCapabilities",
          "code" : "biomaterial-storage",
          "display" : "Biological material storage"
        },
        {
          "system" : "https://fhir.bbmri.de/CodeSystem/BiobankCapabilities",
          "code" : "cell-culture",
          "display" : "Cell culture"
        },
        {
          "system" : "https://fhir.bbmri.de/CodeSystem/BiobankCapabilities",
          "code" : "data-analytics",
          "display" : "Data analytics"
        },
        {
          "system" : "https://fhir.bbmri.de/CodeSystem/BiobankCapabilities",
          "code" : "data-storage",
          "display" : "Data Storage"
        },
        {
          "system" : "https://fhir.bbmri.de/CodeSystem/BiobankCapabilities",
          "code" : "digital-imaging",
          "display" : "Digital imaging"
        },
        {
          "system" : "https://fhir.bbmri.de/CodeSystem/BiobankCapabilities",
          "code" : "immunohistochemistry-scoring",
          "display" : "Immunohistochemistry scoring"
        },
        {
          "system" : "https://fhir.bbmri.de/CodeSystem/BiobankCapabilities",
          "code" : "immunohistochemistry-staining",
          "display" : "Immunohistochemistry staining"
        },
        {
          "system" : "https://fhir.bbmri.de/CodeSystem/BiobankCapabilities",
          "code" : "nucleic-acid-extraction",
          "display" : "Nucleic acid extraction"
        },
        {
          "system" : "https://fhir.bbmri.de/CodeSystem/BiobankCapabilities",
          "code" : "pathology-archive-access",
          "display" : "Access to the full pathology archive"
        },
        {
          "system" : "https://fhir.bbmri.de/CodeSystem/BiobankCapabilities",
          "code" : "recontact",
          "display" : "Ability to recontact"
        },
        {
          "system" : "https://fhir.bbmri.de/CodeSystem/BiobankCapabilities",
          "code" : "tma-creation",
          "display" : "Tissue micro array creation"
        }]
      }
    }
  },
  {
    "fullUrl" : "https://fhir.bbmri.de/ValueSet/DataCategory",
    "resource" : {
      "resourceType" : "ValueSet",
      "id" : "DataCategory",
      "text" : {
        "status" : "generated",
        "div" : "<div xmlns=\"http://www.w3.org/1999/xhtml\"><p>This value set contains 9 concepts</p><p style=\"border: black 1px dotted; background-color: #EEEEEE; padding: 8px\"/>Expansion based on https://fhir.bbmri.de/CodeSystem/DataCategory version 0.1.0-beta<p>All codes from system <a href=\"CodeSystem-DataCategory.html\"><code>https://fhir.bbmri.de/CodeSystem/DataCategory</code></a></p><table class=\"codes\"><tr><td style=\"white-space:nowrap\"><b>Code</b></td><td><b>Display</b></td><td><b>Definition</b></td></tr><tr><td style=\"white-space:nowrap\"><a name=\"https---fhir.bbmri.de-CodeSystem-DataCategory-BIOLOGICAL-SAMPLES\"> </a><a href=\"CodeSystem-DataCategory.html#DataCategory-BIOLOGICAL_SAMPLES\">BIOLOGICAL_SAMPLES</a></td><td>Biological samples</td><td/></tr><tr><td style=\"white-space:nowrap\"><a name=\"https---fhir.bbmri.de-CodeSystem-DataCategory-GENEALOGICAL-RECORDS\"> </a><a href=\"CodeSystem-DataCategory.html#DataCategory-GENEALOGICAL_RECORDS\">GENEALOGICAL_RECORDS</a></td><td>Genealogical records</td><td/></tr><tr><td style=\"white-space:nowrap\"><a name=\"https---fhir.bbmri.de-CodeSystem-DataCategory-IMAGING-DATA\"> </a><a href=\"CodeSystem-DataCategory.html#DataCategory-IMAGING_DATA\">IMAGING_DATA</a></td><td>Imaging data</td><td/></tr><tr><td style=\"white-space:nowrap\"><a name=\"https---fhir.bbmri.de-CodeSystem-DataCategory-MEDICAL-RECORDS\"> </a><a href=\"CodeSystem-DataCategory.html#DataCategory-MEDICAL_RECORDS\">MEDICAL_RECORDS</a></td><td>Medical records</td><td/></tr><tr><td style=\"white-space:nowrap\"><a name=\"https---fhir.bbmri.de-CodeSystem-DataCategory-NATIONAL-REGISTRIES\"> </a><a href=\"CodeSystem-DataCategory.html#DataCategory-NATIONAL_REGISTRIES\">NATIONAL_REGISTRIES</a></td><td>National registries</td><td/></tr><tr><td style=\"white-space:nowrap\"><a name=\"https---fhir.bbmri.de-CodeSystem-DataCategory-NAV\"> </a><a href=\"CodeSystem-DataCategory.html#DataCategory-NAV\">NAV</a></td><td>Not available</td><td/></tr><tr><td style=\"white-space:nowrap\"><a name=\"https---fhir.bbmri.de-CodeSystem-DataCategory-OTHER\"> </a><a href=\"CodeSystem-DataCategory.html#DataCategory-OTHER\">OTHER</a></td><td>other</td><td/></tr><tr><td style=\"white-space:nowrap\"><a name=\"https---fhir.bbmri.de-CodeSystem-DataCategory-PHYSIOLOGICAL-BIOCHEMICAL-MEASUREMENTS\"> </a><a href=\"CodeSystem-DataCategory.html#DataCategory-PHYSIOLOGICAL_BIOCHEMICAL_MEASUREMENTS\">PHYSIOLOGICAL_BIOCHEMICAL_MEASUREMENTS</a></td><td>Physiological/Biochemical measurements</td><td/></tr><tr><td style=\"white-space:nowrap\"><a name=\"https---fhir.bbmri.de-CodeSystem-DataCategory-SURVEY-DATA\"> </a><a href=\"CodeSystem-DataCategory.html#DataCategory-SURVEY_DATA\">SURVEY_DATA</a></td><td>Survey data</td><td/></tr></table></div>"
      },
      "url" : "https://fhir.bbmri.de/ValueSet/DataCategory",
      "version" : "0.1.0-beta",
      "name" : "DataCategory",
      "title" : "Data Category",
      "status" : "draft",
      "date" : "2020-04-02T14:50:58+00:00",
      "publisher" : "BBMRI.de",
      "contact" : [{
        "telecom" : [{
          "system" : "url",
          "value" : "https://www.bbmri.de"
        },
        {
          "system" : "email",
          "value" : "feedback@germanbiobanknode.de"
        }]
      }],
      "jurisdiction" : [{
        "coding" : [{
          "system" : "http://unstats.un.org/unsd/methods/m49/m49.htm",
          "code" : "001"
        }]
      }],
      "expansion" : {
        "identifier" : "urn:uuid:acc2309b-771b-4271-b56a-0acbd119531b",
        "timestamp" : "2020-04-02T14:51:32+00:00",
        "total" : 9,
        "parameter" : [{
          "name" : "excludeNested",
          "valueBoolean" : false
        },
        {
          "name" : "version",
          "valueUri" : "https://fhir.bbmri.de/CodeSystem/DataCategory|0.1.0-beta"
        }],
        "contains" : [{
          "system" : "https://fhir.bbmri.de/CodeSystem/DataCategory",
          "code" : "BIOLOGICAL_SAMPLES",
          "display" : "Biological samples"
        },
        {
          "system" : "https://fhir.bbmri.de/CodeSystem/DataCategory",
          "code" : "GENEALOGICAL_RECORDS",
          "display" : "Genealogical records"
        },
        {
          "system" : "https://fhir.bbmri.de/CodeSystem/DataCategory",
          "code" : "IMAGING_DATA",
          "display" : "Imaging data"
        },
        {
          "system" : "https://fhir.bbmri.de/CodeSystem/DataCategory",
          "code" : "MEDICAL_RECORDS",
          "display" : "Medical records"
        },
        {
          "system" : "https://fhir.bbmri.de/CodeSystem/DataCategory",
          "code" : "NATIONAL_REGISTRIES",
          "display" : "National registries"
        },
        {
          "system" : "https://fhir.bbmri.de/CodeSystem/DataCategory",
          "code" : "NAV",
          "display" : "Not available"
        },
        {
          "system" : "https://fhir.bbmri.de/CodeSystem/DataCategory",
          "code" : "OTHER",
          "display" : "other"
        },
        {
          "system" : "https://fhir.bbmri.de/CodeSystem/DataCategory",
          "code" : "PHYSIOLOGICAL_BIOCHEMICAL_MEASUREMENTS",
          "display" : "Physiological/Biochemical measurements"
        },
        {
          "system" : "https://fhir.bbmri.de/CodeSystem/DataCategory",
          "code" : "SURVEY_DATA",
          "display" : "Survey data"
        }]
      }
    }
  }]
}