<?xml version="1.0" encoding="UTF-8"?>

<Measure xmlns="http://hl7.org/fhir">
  <id value="SpecimenQualityReports"/>
  <text>
    <status value="generated"/><div xmlns="http://www.w3.org/1999/xhtml"><p><b>Generated Narrative</b></p><h3>Ids</h3><table class="grid"><tr><td>-</td></tr><tr><td>*</td></tr></table><p><b>url</b>: <a href="https://fhir.bbmri.de/Measure/SpecimenQualityReports">https://fhir.bbmri.de/Measure/SpecimenQualityReports</a></p><p><b>version</b>: 1.2.0</p><p><b>name</b>: SpecimenQualityReports</p><p><b>title</b>: Specimen Quality Reports</p><p><b>status</b>: draft</p><p><b>subject</b>: <span title="Codes: {http://hl7.org/fhir/resource-types Specimen}">Specimen</span></p><p><b>date</b>: Mar 3, 2021, 8:01:39 AM</p><p><b>publisher</b>: bbmri.de</p><p><b>contact</b>: bbmri.de: bbmri.de,feedback@germanbiobanknode.de</p><p><b>description</b>: This measure contains various specimen related stratifiers to help to evaluate data quality.</p><p><b>library</b>: <a href="https://fhir.bbmri.de/Library/SpecimenQualityReports">https://fhir.bbmri.de/Library/SpecimenQualityReports</a></p><p><b>scoring</b>: <span title="Codes: {http://terminology.hl7.org/CodeSystem/measure-scoring cohort}">Cohort</span></p><blockquote><p><b>group</b></p><blockquote><p><b>population</b></p><p><b>code</b>: <span title="Codes: {http://terminology.hl7.org/CodeSystem/measure-population initial-population}">Initial Population</span></p><h3>Criteria</h3><table class="grid"><tr><td>-</td></tr><tr><td>*</td></tr></table></blockquote><blockquote><p><b>stratifier</b></p><p><b>code</b>: <span title="Codes: ">FirstSampleMaterialType</span></p><h3>Criteria</h3><table class="grid"><tr><td>-</td></tr><tr><td>*</td></tr></table></blockquote><blockquote><p><b>stratifier</b></p><p><b>code</b>: <span title="Codes: ">NumberOfSampleMaterialTypes</span></p><h3>Criteria</h3><table class="grid"><tr><td>-</td></tr><tr><td>*</td></tr></table></blockquote><blockquote><p><b>stratifier</b></p><p><b>code</b>: <span title="Codes: ">CollectedYear</span></p><h3>Criteria</h3><table class="grid"><tr><td>-</td></tr><tr><td>*</td></tr></table></blockquote><blockquote><p><b>stratifier</b></p><p><b>code</b>: <span title="Codes: ">CollectedMonth</span></p><h3>Criteria</h3><table class="grid"><tr><td>-</td></tr><tr><td>*</td></tr></table></blockquote><blockquote><p><b>stratifier</b></p><p><b>code</b>: <span title="Codes: ">CollectedDay</span></p><h3>Criteria</h3><table class="grid"><tr><td>-</td></tr><tr><td>*</td></tr></table></blockquote><blockquote><p><b>stratifier</b></p><p><b>code</b>: <span title="Codes: ">CollectedHour</span></p><h3>Criteria</h3><table class="grid"><tr><td>-</td></tr><tr><td>*</td></tr></table></blockquote><blockquote><p><b>stratifier</b></p><p><b>code</b>: <span title="Codes: ">StorageTemperatureCodes</span></p><h3>Criteria</h3><table class="grid"><tr><td>-</td></tr><tr><td>*</td></tr></table></blockquote><blockquote><p><b>stratifier</b></p><p><b>code</b>: <span title="Codes: ">NumberOfStorageTemperatureCodes</span></p><h3>Criteria</h3><table class="grid"><tr><td>-</td></tr><tr><td>*</td></tr></table></blockquote><blockquote><p><b>stratifier</b></p><p><b>code</b>: <span title="Codes: ">SampleDiagnosisICD10Codes</span></p><h3>Criteria</h3><table class="grid"><tr><td>-</td></tr><tr><td>*</td></tr></table></blockquote><blockquote><p><b>stratifier</b></p><p><b>code</b>: <span title="Codes: ">NumberOfSampleDiagnosesICD10Codes</span></p><h3>Criteria</h3><table class="grid"><tr><td>-</td></tr><tr><td>*</td></tr></table></blockquote><blockquote><p><b>stratifier</b></p><p><b>code</b>: <span title="Codes: ">SampleDiagnosisICD10GMCodes</span></p><h3>Criteria</h3><table class="grid"><tr><td>-</td></tr><tr><td>*</td></tr></table></blockquote><blockquote><p><b>stratifier</b></p><p><b>code</b>: <span title="Codes: ">NumberOfSampleDiagnosesICD10GMCodes</span></p><h3>Criteria</h3><table class="grid"><tr><td>-</td></tr><tr><td>*</td></tr></table></blockquote><blockquote><p><b>stratifier</b></p><p><b>code</b>: <span title="Codes: ">BodySiteCodes</span></p><h3>Criteria</h3><table class="grid"><tr><td>-</td></tr><tr><td>*</td></tr></table></blockquote><blockquote><p><b>stratifier</b></p><p><b>code</b>: <span title="Codes: ">NumberOfBodySiteCodes</span></p><h3>Criteria</h3><table class="grid"><tr><td>-</td></tr><tr><td>*</td></tr></table></blockquote></blockquote></div>
  </text>
  <url value="https://fhir.bbmri.de/Measure/SpecimenQualityReports"/>
  <version value="1.2.0"/>
  <name value="SpecimenQualityReports"/>
  <title value="Specimen Quality Reports"/>
  <status value="draft"/>
  <subjectCodeableConcept>
    <coding>
      <system value="http://hl7.org/fhir/resource-types"/>
      <code value="Specimen"/>
    </coding>
  </subjectCodeableConcept>
  <date value="2021-03-03T08:01:39+00:00"/>
  <publisher value="bbmri.de"/>
  <contact>
    <name value="bbmri.de"/>
    <telecom>
      <system value="url"/>
      <value value="bbmri.de"/>
    </telecom>
    <telecom>
      <system value="email"/>
      <value value="feedback@germanbiobanknode.de"/>
    </telecom>
  </contact>
  <description value="This measure contains various specimen related stratifiers to help to evaluate data quality."/>
  <library value="https://fhir.bbmri.de/Library/SpecimenQualityReports"/>
  <scoring>
    <coding>
      <system value="http://terminology.hl7.org/CodeSystem/measure-scoring"/>
      <code value="cohort"/>
    </coding>
  </scoring>
  <group>
    <population>
      <code>
        <coding>
          <system value="http://terminology.hl7.org/CodeSystem/measure-population"/>
          <code value="initial-population"/>
        </coding>
      </code>
      <criteria>
        <language value="text/cql"/>
        <expression value="InInitialPopulation"/>
      </criteria>
    </population>
    <stratifier>
      <code>
        <text value="FirstSampleMaterialType"/>
      </code>
      <criteria>
        <language value="text/cql"/>
        <expression value="FirstSampleMaterialType"/>
      </criteria>
    </stratifier>
    <stratifier>
      <code>
        <text value="NumberOfSampleMaterialTypes"/>
      </code>
      <criteria>
        <language value="text/cql"/>
        <expression value="NumberOfSampleMaterialTypes"/>
      </criteria>
    </stratifier>
    <stratifier>
      <code>
        <text value="CollectedYear"/>
      </code>
      <criteria>
        <language value="text/cql"/>
        <expression value="CollectedYear"/>
      </criteria>
    </stratifier>
    <stratifier>
      <code>
        <text value="CollectedMonth"/>
      </code>
      <criteria>
        <language value="text/cql"/>
        <expression value="CollectedMonth"/>
      </criteria>
    </stratifier>
    <stratifier>
      <code>
        <text value="CollectedDay"/>
      </code>
      <criteria>
        <language value="text/cql"/>
        <expression value="CollectedDay"/>
      </criteria>
    </stratifier>
    <stratifier>
      <code>
        <text value="CollectedHour"/>
      </code>
      <criteria>
        <language value="text/cql"/>
        <expression value="CollectedHour"/>
      </criteria>
    </stratifier>
    <stratifier>
      <code>
        <text value="StorageTemperatureCodes"/>
      </code>
      <criteria>
        <language value="text/cql"/>
        <expression value="StorageTemperatureCodes"/>
      </criteria>
    </stratifier>
    <stratifier>
      <code>
        <text value="NumberOfStorageTemperatureCodes"/>
      </code>
      <criteria>
        <language value="text/cql"/>
        <expression value="NumberOfStorageTemperatureCodes"/>
      </criteria>
    </stratifier>
    <stratifier>
      <code>
        <text value="SampleDiagnosisICD10Codes"/>
      </code>
      <criteria>
        <language value="text/cql"/>
        <expression value="SampleDiagnosisICD10Codes"/>
      </criteria>
    </stratifier>
    <stratifier>
      <code>
        <text value="NumberOfSampleDiagnosesICD10Codes"/>
      </code>
      <criteria>
        <language value="text/cql"/>
        <expression value="NumberOfSampleDiagnosesICD10Codes"/>
      </criteria>
    </stratifier>
    <stratifier>
      <code>
        <text value="SampleDiagnosisICD10GMCodes"/>
      </code>
      <criteria>
        <language value="text/cql"/>
        <expression value="SampleDiagnosisICD10GMCodes"/>
      </criteria>
    </stratifier>
    <stratifier>
      <code>
        <text value="NumberOfSampleDiagnosesICD10GMCodes"/>
      </code>
      <criteria>
        <language value="text/cql"/>
        <expression value="NumberOfSampleDiagnosesICD10GMCodes"/>
      </criteria>
    </stratifier>
    <stratifier>
      <code>
        <text value="BodySiteCodes"/>
      </code>
      <criteria>
        <language value="text/cql"/>
        <expression value="BodySiteCodes"/>
      </criteria>
    </stratifier>
    <stratifier>
      <code>
        <text value="NumberOfBodySiteCodes"/>
      </code>
      <criteria>
        <language value="text/cql"/>
        <expression value="NumberOfBodySiteCodes"/>
      </criteria>
    </stratifier>
  </group>
</Measure>