{
  "resourceType": "Measure",
  "id": "PatientQualityReports",
  "text": {
    "status": "generated",
    "div": "<div xmlns=\"http://www.w3.org/1999/xhtml\"><p><b>Generated Narrative</b></p><p><b>id</b>: PatientQualityReports</p><p><b>url</b>: <a href=\"https://fhir.bbmri.de/Measure/PatientQualityReports\">https://fhir.bbmri.de/Measure/PatientQualityReports</a></p><p><b>version</b>: 1.1.0</p><p><b>title</b>: Patient Quality Reports</p><p><b>status</b>: active</p><p><b>subject</b>: <span title=\"Codes: {http://hl7.org/fhir/resource-types Patient}\">Patient</span></p><p><b>date</b>: May 28, 2020, 2:12:37 PM</p><p><b>publisher</b>: BBMRI.de</p><p><b>contact</b>: https://www.bbmri.de,feedback@germanbiobanknode.de</p><p><b>description</b>: This measure contains various patient related stratifiers to help to evaluate data quality.</p><p><b>library</b>: <a href=\"https://fhir.bbmri.de/Library/PatientQualityReports\">https://fhir.bbmri.de/Library/PatientQualityReports</a></p><p><b>scoring</b>: <span title=\"Codes: {http://terminology.hl7.org/CodeSystem/measure-scoring cohort}\">Cohort</span></p><blockquote><p><b>group</b></p><h3>Populations</h3><table class=\"grid\"><tr><td>-</td><td><b>Code</b></td><td><b>Criteria</b></td></tr><tr><td>*</td><td><span title=\"Codes: {http://terminology.hl7.org/CodeSystem/measure-population initial-population}\">Initial Population</span></td><td></td></tr></table><blockquote><p><b>stratifier</b></p><p><b>code</b>: <span title=\"Codes: \">Gender</span></p><p><b>criteria</b>: </p></blockquote><blockquote><p><b>stratifier</b></p><p><b>code</b>: <span title=\"Codes: \">AgeClass</span></p><p><b>criteria</b>: </p></blockquote></blockquote></div>"
  },
  "url": "https://fhir.bbmri.de/Measure/PatientQualityReports",
  "version": "1.1.0",
  "title": "Patient Quality Reports",
  "status": "active",
  "subjectCodeableConcept": {
    "coding": [
      {
        "system": "http://hl7.org/fhir/resource-types",
        "code": "Patient"
      }
    ]
  },
  "date": "2020-05-28T14:12:37+00:00",
  "publisher": "BBMRI.de",
  "contact": [
    {
      "telecom": [
        {
          "system": "url",
          "value": "https://www.bbmri.de"
        },
        {
          "system": "email",
          "value": "feedback@germanbiobanknode.de"
        }
      ]
    }
  ],
  "description": "This measure contains various patient related stratifiers to help to evaluate data quality.",
  "library": [
    "https://fhir.bbmri.de/Library/PatientQualityReports"
  ],
  "scoring": {
    "coding": [
      {
        "system": "http://terminology.hl7.org/CodeSystem/measure-scoring",
        "code": "cohort"
      }
    ]
  },
  "group": [
    {
      "population": [
        {
          "code": {
            "coding": [
              {
                "system": "http://terminology.hl7.org/CodeSystem/measure-population",
                "code": "initial-population"
              }
            ]
          },
          "criteria": {
            "language": "text/cql",
            "expression": "InInitialPopulation"
          }
        }
      ],
      "stratifier": [
        {
          "code": {
            "text": "Gender"
          },
          "criteria": {
            "language": "text/cql",
            "expression": "Gender"
          }
        },
        {
          "code": {
            "text": "AgeClass"
          },
          "criteria": {
            "language": "text/cql",
            "expression": "AgeClass"
          }
        }
      ]
    }
  ]
}