{
  "resourceType": "Observation",
  "id": "0-body-height",
  "meta": {
    "profile": [
      "https://fhir.bbmri.de/StructureDefinition/BodyHeight"
    ]
  },
  "text": {
    "status": "generated",
    "div": "<div xmlns=\"http://www.w3.org/1999/xhtml\"><p><b>Generated Narrative with Details</b></p><p><b>id</b>: 0-body-height</p><p><b>meta</b>: </p><p><b>status</b>: final</p><p><b>category</b>: Vital Signs <span style=\"background: LightGoldenRodYellow\">(Details : {http://terminology.hl7.org/CodeSystem/observation-category code 'vital-signs' = 'Vital Signs)</span></p><p><b>code</b>: Body height <span style=\"background: LightGoldenRodYellow\">(Details : {LOINC code '8302-2' = 'Body height)</span></p><p><b>subject</b>: <a href=\"Patient-0.html\">Generated Summary: id: 0; gender: male; birthDate: 1989-11-18; deceased: Jan 27, 2009, 12:00:00 AM</a></p><p><b>effective</b>: Jun 17, 2005, 12:00:00 AM</p><p><b>value</b>: 198.58 cm<span style=\"background: LightGoldenRodYellow\"> (Details: UCUM code cm = 'cm')</span></p></div>"
  },
  "status": "final",
  "category": [
    {
      "coding": [
        {
          "system": "http://terminology.hl7.org/CodeSystem/observation-category",
          "code": "vital-signs"
        }
      ]
    }
  ],
  "code": {
    "coding": [
      {
        "system": "http://loinc.org",
        "code": "8302-2"
      }
    ]
  },
  "subject": {
    "reference": "Patient/0"
  },
  "effectiveDateTime": "2005-06-17",
  "valueQuantity": {
    "value": 198.58,
    "unit": "cm",
    "system": "http://unitsofmeasure.org",
    "code": "cm"
  }
}