<?xml version="1.0" encoding="UTF-8"?>

<Observation xmlns="http://hl7.org/fhir">
  <id value="0-body-weight"/>
  <meta>
    <profile value="https://fhir.bbmri.de/StructureDefinition/BodyWeight"/>
  </meta>
  <text>
    <status value="generated"/><div xmlns="http://www.w3.org/1999/xhtml"><p><b>Generated Narrative: Observation</b><a name="0-body-weight"> </a></p><div style="display: inline-block; background-color: #d9e0e7; padding: 6px; margin: 4px; border: 1px solid #8da1b4; border-radius: 5px; line-height: 60%"><p style="margin-bottom: 0px">Resource Observation &quot;0-body-weight&quot; </p><p style="margin-bottom: 0px">Profile: <a href="StructureDefinition-BodyWeight.html">Body Weight</a></p></div><p><b>status</b>: final</p><p><b>category</b>: Vital Signs <span style="background: LightGoldenRodYellow; margin: 4px; border: 1px solid khaki"> (<a href="http://terminology.hl7.org/5.0.0/CodeSystem-observation-category.html">Observation Category Codes</a>#vital-signs)</span></p><p><b>code</b>: Body weight <span style="background: LightGoldenRodYellow; margin: 4px; border: 1px solid khaki"> (<a href="https://loinc.org/">LOINC</a>#29463-7)</span></p><p><b>subject</b>: <a href="Patient-0.html">Patient/0</a></p><p><b>effective</b>: 2005-06-17</p><p><b>value</b>: 144.67073319145982 kg<span style="background: LightGoldenRodYellow"> (Details: UCUM code kg = 'kg')</span></p></div>
  </text>
  <status value="final"/>
  <category>
    <coding>
      <system value="http://terminology.hl7.org/CodeSystem/observation-category"/>
      <code value="vital-signs"/>
    </coding>
  </category>
  <code>
    <coding>
      <system value="http://loinc.org"/>
      <code value="29463-7"/>
    </coding>
  </code>
  <subject>
    <reference value="Patient/0"/>
  </subject>
  <effectiveDateTime value="2005-06-17"/>
  <valueQuantity>
    <value value="144.67073319145982"/>
    <unit value="kg"/>
    <system value="http://unitsofmeasure.org"/>
    <code value="kg"/>
  </valueQuantity>
</Observation>