<?xml version="1.0" encoding="UTF-8"?>

<Observation xmlns="http://hl7.org/fhir">
  <id value="0-tobacco-use"/>
  <meta>
    <profile value="https://fhir.bbmri.de/StructureDefinition/TobaccoUse"/>
  </meta>
  <text>
    <status value="generated"/><div xmlns="http://www.w3.org/1999/xhtml"><p><b>Generated Narrative with Details</b></p><p><b>id</b>: 0-tobacco-use</p><p><b>meta</b>: </p><p><b>status</b>: final</p><p><b>code</b>: Tobacco smoking status <span style="background: LightGoldenRodYellow">(Details : {LOINC code '72166-2' = 'Tobacco smoking status)</span></p><p><b>subject</b>: <a href="Patient-0.html">Generated Summary: id: 0; gender: male; birthDate: 1989-11-18; deceased: Jan 27, 2009, 12:00:00 AM</a></p><p><b>effective</b>: Jun 17, 2005, 12:00:00 AM</p><p><b>value</b>: Current some day smoker <span style="background: LightGoldenRodYellow">(Details : {LOINC code 'LA18977-1' = 'Current some day smoker)</span></p></div>
  </text>
  <status value="final"/>
  <code>
    <coding>
      <system value="http://loinc.org"/>
      <code value="72166-2"/>
    </coding>
  </code>
  <subject>
    <reference value="Patient/0"/>
  </subject>
  <effectiveDateTime value="2005-06-17"/>
  <valueCodeableConcept>
    <coding>
      <system value="http://loinc.org"/>
      <code value="LA18977-1"/>
    </coding>
  </valueCodeableConcept>
</Observation>