<?xml version="1.0" encoding="UTF-8"?>

<Observation xmlns="http://hl7.org/fhir">
  <id value="0-tobacco-use"/>
  <meta>
    <profile value="https://fhir.bbmri.de/StructureDefinition/TobaccoUse"/>
  </meta>
  <text>
    <status value="generated"/><div xmlns="http://www.w3.org/1999/xhtml"><p><b>Generated Narrative</b></p><h3>Ids</h3><table class="grid"><tr><td>-</td></tr><tr><td>*</td></tr></table><h3>Meta</h3><table class="grid"><tr><td>-</td></tr><tr><td>*</td></tr></table><p></p><p><b>code</b>: <span title="Codes: {http://loinc.org 72166-2}">Tobacco smoking status</span></p><p><b>subject</b>: <a href="Patient-0.html">Generated Summary: gender: male; birthDate: 1989-11-18; deceased: 2009-01-27</a></p><p><b>effective</b>: 2005-06-17</p><p><b>value</b>: <span title="Codes: {http://loinc.org LA18977-1}">Current some day smoker</span></p></div>
  </text>
  <status value="final"/>
  <code>
    <coding>
      <system value="http://loinc.org"/>
      <code value="72166-2"/>
    </coding>
  </code>
  <subject>
    <reference value="Patient/0"/>
  </subject>
  <effectiveDateTime value="2005-06-17"/>
  <valueCodeableConcept>
    <coding>
      <system value="http://loinc.org"/>
      <code value="LA18977-1"/>
    </coding>
  </valueCodeableConcept>
</Observation>