{
  "resourceType": "Specimen",
  "id": "0-specimen",
  "meta": {
    "profile": [
      "https://fhir.bbmri.de/StructureDefinition/Specimen"
    ]
  },
  "text": {
    "status": "extensions",
    "div": "<div xmlns=\"http://www.w3.org/1999/xhtml\"><p><b>Generated Narrative</b></p><h3>Ids</h3><table class=\"grid\"><tr><td>-</td></tr><tr><td>*</td></tr></table><h3>Meta</h3><table class=\"grid\"><tr><td>-</td></tr><tr><td>*</td></tr></table><p><b>Storage Temperature</b>: </p><p><b>Custodian</b>: </p><p><b>Sample Diagnosis</b>: </p><p><b>type</b>: <span title=\"Codes: {https://fhir.bbmri.de/CodeSystem/SampleMaterialType whole-blood}\">Whole blood</span></p><p><b>subject</b>: <a href=\"Patient-0.html\">Generated Summary: gender: male; birthDate: 1989-11-18; deceased: 2009-01-27</a></p><h3>Collections</h3><table class=\"grid\"><tr><td>-</td><td><b>Collected[x]</b></td><td><b>BodySite</b></td><td><b>FastingStatus[x]</b></td></tr><tr><td>*</td><td>2005-06-17</td><td><span title=\"Codes: {urn:oid:1.3.6.1.4.1.19376.1.3.11.36 C26.8}\">C26.8</span></td><td><span title=\"Codes: {http://terminology.hl7.org/CodeSystem/v2-0916 NF}\">The patient indicated they did not fast prior to the procedure.</span></td></tr></table></div>"
  },
  "extension": [
    {
      "url": "https://fhir.bbmri.de/StructureDefinition/StorageTemperature",
      "valueCodeableConcept": {
        "coding": [
          {
            "system": "https://fhir.bbmri.de/CodeSystem/StorageTemperature",
            "code": "temperature2to10"
          }
        ]
      }
    },
    {
      "url": "https://fhir.bbmri.de/StructureDefinition/Custodian",
      "valueReference": {
        "reference": "Organization/exampleCollection"
      }
    },
    {
      "url": "https://fhir.bbmri.de/StructureDefinition/SampleDiagnosis",
      "valueCodeableConcept": {
        "coding": [
          {
            "system": "https://fhir.bbmri.de/CodeSystem/OtherSampleDiagnosis",
            "code": "unknown"
          }
        ]
      }
    }
  ],
  "type": {
    "coding": [
      {
        "system": "https://fhir.bbmri.de/CodeSystem/SampleMaterialType",
        "code": "whole-blood"
      }
    ]
  },
  "subject": {
    "reference": "Patient/0"
  },
  "collection": {
    "collectedDateTime": "2005-06-17",
    "bodySite": {
      "coding": [
        {
          "system": "urn:oid:1.3.6.1.4.1.19376.1.3.11.36",
          "code": "C26.8"
        }
      ]
    },
    "fastingStatusCodeableConcept": {
      "coding": [
        {
          "system": "http://terminology.hl7.org/CodeSystem/v2-0916",
          "code": "NF"
        }
      ]
    }
  }
}