<?xml version="1.0" encoding="UTF-8"?>

<ValueSet xmlns="http://hl7.org/fhir">
  <id value="SampleMaterialType"/>
  <text>
    <status value="generated"/><div xmlns="http://www.w3.org/1999/xhtml"><ul><li>Include all codes defined in <a href="http://hl7.org/fhir/R4/CodeSystem-SampleMaterialType.html"><code>https://fhir.bbmri.de/CodeSystem/SampleMaterialType</code></a></li></ul></div>
  </text>
  <url value="https://fhir.bbmri.de/ValueSet/SampleMaterialType"/>
  <version value="1.1.0"/>
  <name value="SampleMaterialType"/>
  <title value="Sample Material Type"/>
  <status value="active"/>
  <date value="2020-05-28T14:12:37+00:00"/>
  <publisher value="BBMRI.de"/>
  <contact>
    <telecom>
      <system value="url"/>
      <value value="https://www.bbmri.de"/>
    </telecom>
    <telecom>
      <system value="email"/>
      <value value="feedback@germanbiobanknode.de"/>
    </telecom>
  </contact>
  <compose>
    <include>
      <system value="https://fhir.bbmri.de/CodeSystem/SampleMaterialType"/>
    </include>
  </compose>
</ValueSet>