{
  "resourceType" : "ValueSet",
  "id" : "OtherSampleDiagnosis",
  "text" : {
    "status" : "generated",
    "div" : "<div xmlns=\"http://www.w3.org/1999/xhtml\"><ul><li>Include all codes defined in <a href=\"CodeSystem-OtherSampleDiagnosis.html\"><code>https://fhir.bbmri.de/CodeSystem/OtherSampleDiagnosis</code></a></li></ul></div>"
  },
  "url" : "https://fhir.bbmri.de/ValueSet/OtherSampleDiagnosis",
  "version" : "1.2.0",
  "name" : "OtherSampleDiagnosis",
  "title" : "other sample diagnosis",
  "status" : "active",
  "date" : "2023-02-08T10:28:33+00:00",
  "publisher" : "bbmri.de",
  "contact" : [{
    "name" : "bbmri.de",
    "telecom" : [{
      "system" : "url",
      "value" : "bbmri.de"
    },
    {
      "system" : "email",
      "value" : "feedback@germanbiobanknode.de"
    }]
  }],
  "compose" : {
    "include" : [{
      "system" : "https://fhir.bbmri.de/CodeSystem/OtherSampleDiagnosis"
    }]
  }
}