<?xml version="1.0" encoding="UTF-8"?>

<ValueSet xmlns="http://hl7.org/fhir">
  <id value="DataCategory"/>
  <text>
    <status value="generated"/><div xmlns="http://www.w3.org/1999/xhtml"><h2>Data Category</h2><ul><li>Include all codes defined in <a href="CodeSystem-DataCategory.html"><code>https://fhir.bbmri.de/CodeSystem/DataCategory</code></a></li></ul></div>
  </text>
  <url value="https://fhir.bbmri.de/ValueSet/DataCategory"/>
  <version value="0.1.0-beta"/>
  <name value="DataCategory"/>
  <title value="Data Category"/>
  <status value="draft"/>
  <date value="2020-04-02T15:02:34+00:00"/>
  <publisher value="BBMRI.de"/>
  <contact>
    <telecom>
      <system value="url"/>
      <value value="https://www.bbmri.de"/>
    </telecom>
    <telecom>
      <system value="email"/>
      <value value="feedback@germanbiobanknode.de"/>
    </telecom>
  </contact>
  <jurisdiction>
    <coding>
      <system value="http://unstats.un.org/unsd/methods/m49/m49.htm"/>
      <code value="001"/>
    </coding>
  </jurisdiction>
  <compose>
    <include>
      <system value="https://fhir.bbmri.de/CodeSystem/DataCategory"/>
    </include>
  </compose>
</ValueSet>