{"resourceType":"CodeSystem","id":"ResourceType","text":{"status":"generated","div":"<div xmlns=\"http://www.w3.org/1999/xhtml\"><p>This code system https://fhir.bbmri.de/CodeSystem/ResourceType defines the following codes:</p><table class=\"codes\"><tr><td style=\"white-space:nowrap\"><b>Code</b></td><td><b>Display</b></td></tr><tr><td style=\"white-space:nowrap\">samples<a name=\"ResourceType-samples\"> </a></td><td>Samples</td></tr><tr><td style=\"white-space:nowrap\">data<a name=\"ResourceType-data\"> </a></td><td>Data</td></tr><tr><td style=\"white-space:nowrap\">images<a name=\"ResourceType-images\"> </a></td><td>Images</td></tr></table></div>"},"url":"https://fhir.bbmri.de/CodeSystem/ResourceType","version":"1.2.0","name":"ResourceType","title":"Resource Type","status":"active","date":"2021-03-03T08:01:39+00:00","publisher":"bbmri.de","contact":[{"name":"bbmri.de","telecom":[{"system":"url","value":"bbmri.de"},{"system":"email","value":"feedback@germanbiobanknode.de"}]}],"description":"Types of resources that may be governed by a biobank or its collections","purpose":"This CodeSystem provides the different types of resources distinguished by the BBMRI-ERIC Directory","content":"complete","concept":[{"code":"samples","display":"Samples"},{"code":"data","display":"Data"},{"code":"images","display":"Images"}]}