{"resourceType":"CodeSystem","id":"SampleMaterialType","text":{"status":"generated","div":"<div xmlns=\"http://www.w3.org/1999/xhtml\"><p>This code system https://fhir.bbmri.de/CodeSystem/SampleMaterialType defines the following codes:</p><table class=\"codes\"><tr><td><b>Lvl</b></td><td style=\"white-space:nowrap\"><b>Code</b></td><td><b>Display</b></td></tr><tr><td>1</td><td style=\"white-space:nowrap\">whole-blood<a name=\"SampleMaterialType-whole-blood\"> </a></td><td>Whole blood</td></tr><tr><td>1</td><td style=\"white-space:nowrap\">bone-marrow<a name=\"SampleMaterialType-bone-marrow\"> </a></td><td>Bone marrow</td></tr><tr><td>1</td><td style=\"white-space:nowrap\">buffy-coat<a name=\"SampleMaterialType-buffy-coat\"> </a></td><td>Buffy-Coat</td></tr><tr><td>1</td><td style=\"white-space:nowrap\">dried-whole-blood<a name=\"SampleMaterialType-dried-whole-blood\"> </a></td><td>Dried whole blood</td></tr><tr><td>1</td><td style=\"white-space:nowrap\">peripheral-blood-cells-vital<a name=\"SampleMaterialType-peripheral-blood-cells-vital\"> </a></td><td>Peripheral blood mononuclear cells (PBMCs, viable)</td></tr><tr><td>1</td><td style=\"white-space:nowrap\">blood-plasma<a name=\"SampleMaterialType-blood-plasma\"> </a></td><td>Plasma</td></tr><tr><td>2</td><td style=\"white-space:nowrap\">  plasma-edta<a name=\"SampleMaterialType-plasma-edta\"> </a></td><td>Plasma, EDTA</td></tr><tr><td>2</td><td style=\"white-space:nowrap\">  plasma-citrat<a name=\"SampleMaterialType-plasma-citrat\"> </a></td><td>Plasma, Citrat</td></tr><tr><td>2</td><td style=\"white-space:nowrap\">  plasma-heparin<a name=\"SampleMaterialType-plasma-heparin\"> </a></td><td>Plasma, Heparin</td></tr><tr><td>2</td><td style=\"white-space:nowrap\">  plasma-cell-free<a name=\"SampleMaterialType-plasma-cell-free\"> </a></td><td>Plasma, cell free</td></tr><tr><td>2</td><td style=\"white-space:nowrap\">  plasma-other<a name=\"SampleMaterialType-plasma-other\"> </a></td><td>Plasma, other</td></tr><tr><td>1</td><td style=\"white-space:nowrap\">blood-serum<a name=\"SampleMaterialType-blood-serum\"> </a></td><td>Serum</td></tr><tr><td>1</td><td style=\"white-space:nowrap\">ascites<a name=\"SampleMaterialType-ascites\"> </a></td><td>Ascites</td></tr><tr><td>1</td><td style=\"white-space:nowrap\">csf-liquor<a name=\"SampleMaterialType-csf-liquor\"> </a></td><td>CSF/Liquor</td></tr><tr><td>1</td><td style=\"white-space:nowrap\">saliva<a name=\"SampleMaterialType-saliva\"> </a></td><td>Saliva</td></tr><tr><td>1</td><td style=\"white-space:nowrap\">stool-faeces<a name=\"SampleMaterialType-stool-faeces\"> </a></td><td>Stool/Faeces</td></tr><tr><td>1</td><td style=\"white-space:nowrap\">urine<a name=\"SampleMaterialType-urine\"> </a></td><td>Urine</td></tr><tr><td>1</td><td style=\"white-space:nowrap\">swab<a name=\"SampleMaterialType-swab\"> </a></td><td>Swab</td></tr><tr><td>1</td><td style=\"white-space:nowrap\">liquid-other<a name=\"SampleMaterialType-liquid-other\"> </a></td><td>Other liquid biosample/storage</td></tr><tr><td>1</td><td style=\"white-space:nowrap\">tissue-ffpe<a name=\"SampleMaterialType-tissue-ffpe\"> </a></td><td>Tissue FFPE</td></tr><tr><td>2</td><td style=\"white-space:nowrap\">  tumor-tissue-ffpe<a name=\"SampleMaterialType-tumor-tissue-ffpe\"> </a></td><td>Tumor tissue (FFPE)</td></tr><tr><td>2</td><td style=\"white-space:nowrap\">  normal-tissue-ffpe<a name=\"SampleMaterialType-normal-tissue-ffpe\"> </a></td><td>Normal tissue (FFPE)</td></tr><tr><td>2</td><td style=\"white-space:nowrap\">  other-tissue-ffpe<a name=\"SampleMaterialType-other-tissue-ffpe\"> </a></td><td>Other tissue (FFPE)</td></tr><tr><td>1</td><td style=\"white-space:nowrap\">tissue-frozen<a name=\"SampleMaterialType-tissue-frozen\"> </a></td><td>Tissue frozen</td></tr><tr><td>2</td><td style=\"white-space:nowrap\">  tumor-tissue-frozen<a name=\"SampleMaterialType-tumor-tissue-frozen\"> </a></td><td>Tumor tissue (frozen)</td></tr><tr><td>2</td><td style=\"white-space:nowrap\">  normal-tissue-frozen<a name=\"SampleMaterialType-normal-tissue-frozen\"> </a></td><td>Normal tissue (frozen)</td></tr><tr><td>2</td><td style=\"white-space:nowrap\">  other-tissue-frozen<a name=\"SampleMaterialType-other-tissue-frozen\"> </a></td><td>Other tissue (frozen)</td></tr><tr><td>1</td><td style=\"white-space:nowrap\">tissue-other<a name=\"SampleMaterialType-tissue-other\"> </a></td><td>Other tissue storage</td></tr><tr><td>1</td><td style=\"white-space:nowrap\">dna<a name=\"SampleMaterialType-dna\"> </a></td><td>DNA</td></tr><tr><td>2</td><td style=\"white-space:nowrap\">  cf-dna<a name=\"SampleMaterialType-cf-dna\"> </a></td><td>cfDNA</td></tr><tr><td>2</td><td style=\"white-space:nowrap\">  g-dna<a name=\"SampleMaterialType-g-dna\"> </a></td><td>gDNA</td></tr><tr><td>1</td><td style=\"white-space:nowrap\">rna<a name=\"SampleMaterialType-rna\"> </a></td><td>RNA</td></tr><tr><td>1</td><td style=\"white-space:nowrap\">derivative-other<a name=\"SampleMaterialType-derivative-other\"> </a></td><td>Other derivative</td></tr></table></div>"},"url":"https://fhir.bbmri.de/CodeSystem/SampleMaterialType","version":"1.2.0","name":"SampleMaterialType","title":"Sample Material Type","status":"active","date":"2021-03-03T08:01:39+00:00","publisher":"bbmri.de","contact":[{"name":"bbmri.de","telecom":[{"system":"url","value":"bbmri.de"},{"system":"email","value":"feedback@germanbiobanknode.de"}]}],"description":"The type of material the sample consists of.","hierarchyMeaning":"is-a","compositional":false,"content":"complete","concept":[{"code":"whole-blood","display":"Whole blood"},{"code":"bone-marrow","display":"Bone marrow"},{"code":"buffy-coat","display":"Buffy-Coat"},{"code":"dried-whole-blood","display":"Dried whole blood"},{"code":"peripheral-blood-cells-vital","display":"Peripheral blood mononuclear cells (PBMCs, viable)"},{"code":"blood-plasma","display":"Plasma","concept":[{"code":"plasma-edta","display":"Plasma, EDTA"},{"code":"plasma-citrat","display":"Plasma, Citrat"},{"code":"plasma-heparin","display":"Plasma, Heparin"},{"code":"plasma-cell-free","display":"Plasma, cell free"},{"code":"plasma-other","display":"Plasma, other"}]},{"code":"blood-serum","display":"Serum"},{"code":"ascites","display":"Ascites"},{"code":"csf-liquor","display":"CSF/Liquor"},{"code":"saliva","display":"Saliva"},{"code":"stool-faeces","display":"Stool/Faeces"},{"code":"urine","display":"Urine"},{"code":"swab","display":"Swab"},{"code":"liquid-other","display":"Other liquid biosample/storage"},{"code":"tissue-ffpe","display":"Tissue FFPE","concept":[{"code":"tumor-tissue-ffpe","display":"Tumor tissue (FFPE)"},{"code":"normal-tissue-ffpe","display":"Normal tissue (FFPE)"},{"code":"other-tissue-ffpe","display":"Other tissue (FFPE)"}]},{"code":"tissue-frozen","display":"Tissue frozen","concept":[{"code":"tumor-tissue-frozen","display":"Tumor tissue (frozen)"},{"code":"normal-tissue-frozen","display":"Normal tissue (frozen)"},{"code":"other-tissue-frozen","display":"Other tissue (frozen)"}]},{"code":"tissue-other","display":"Other tissue storage"},{"code":"dna","display":"DNA","concept":[{"code":"cf-dna","display":"cfDNA"},{"code":"g-dna","display":"gDNA"}]},{"code":"rna","display":"RNA"},{"code":"derivative-other","display":"Other derivative"}]}