{"resourceType":"CodeSystem","id":"ContactType","text":{"status":"generated","div":"<div xmlns=\"http://www.w3.org/1999/xhtml\"><h2>Contact Type</h2><p>This code system https://fhir.bbmri.de/CodeSystem/ContactType defines the following codes:</p><table class=\"codes\"><tr><td style=\"white-space:nowrap\"><b>Code</b></td><td><b>Display</b></td><td><b>Definition</b></td></tr><tr><td style=\"white-space:nowrap\">RESEARCH<a name=\"ContactType-RESEARCH\"> </a></td><td>Research</td><td>Contact for researchers about sample and data requests</td></tr></table></div>"},"url":"https://fhir.bbmri.de/CodeSystem/ContactType","version":"1.0.0","name":"ContactType","title":"Contact Type","status":"active","date":"2020-04-03T15:15:11+00:00","publisher":"BBMRI.de","contact":[{"telecom":[{"system":"url","value":"https://www.bbmri.de"},{"system":"email","value":"feedback@germanbiobanknode.de"}]}],"caseSensitive":false,"content":"complete","concept":[{"code":"RESEARCH","display":"Research","definition":"Contact for researchers about sample and data requests"}]}