{"resourceType":"ImplementationGuide","id":"de.bbmri.fhir","text":{"status":"generated","div":"<div xmlns=\"http://www.w3.org/1999/xhtml\"><h2>BBMRI_DE_IG</h2><p>The official URL for this implementation guide is: </p><pre>https://fhir.bbmri.de/ImplementationGuide/de.bbmri.fhir</pre><div><p>Profiles for the GBA/BBMRI.de project</p>\n</div></div>"},"url":"https://fhir.bbmri.de/ImplementationGuide/de.bbmri.fhir","version":"0.1.0-beta","name":"BBMRI_DE_IG","title":"BBMRI.de Implementation Guide","status":"draft","experimental":true,"date":"2020-04-03T08:03:12+00:00","publisher":"BBMRI.de","contact":[{"telecom":[{"system":"url","value":"https://www.bbmri.de"},{"system":"email","value":"feedback@germanbiobanknode.de"}]}],"description":"Profiles for the GBA/BBMRI.de project","jurisdiction":[{"coding":[{"system":"http://unstats.un.org/unsd/methods/m49/m49.htm","code":"001"}]}],"packageId":"de.bbmri.fhir","license":"CC-BY-SA-4.0","fhirVersion":["4.0.1"],"dependsOn":[{"uri":"http://hl7.org/fhir/uv/ips/ImplementationGuide/hl7.fhir.uv.ips","packageId":"hl7.fhir.uv.ips","version":"0.3.0"}],"definition":{"extension":[{"extension":[{"url":"code","valueString":"copyrightyear"},{"url":"value","valueString":"2020+"}],"url":"http://hl7.org/fhir/tools/StructureDefinition/ig-parameter"},{"extension":[{"url":"code","valueString":"releaselabel"},{"url":"value","valueString":"CI Build"}],"url":"http://hl7.org/fhir/tools/StructureDefinition/ig-parameter"},{"extension":[{"url":"code","valueString":"autoload-resources"},{"url":"value","valueString":"true"}],"url":"http://hl7.org/fhir/tools/StructureDefinition/ig-parameter"},{"extension":[{"url":"code","valueString":"path-liquid"},{"url":"value","valueString":"template/liquid"}],"url":"http://hl7.org/fhir/tools/StructureDefinition/ig-parameter"},{"extension":[{"url":"code","valueString":"path-liquid"},{"url":"value","valueString":"input/liquid"}],"url":"http://hl7.org/fhir/tools/StructureDefinition/ig-parameter"},{"extension":[{"url":"code","valueString":"path-qa"},{"url":"value","valueString":"temp/qa"}],"url":"http://hl7.org/fhir/tools/StructureDefinition/ig-parameter"},{"extension":[{"url":"code","valueString":"path-temp"},{"url":"value","valueString":"temp/pages"}],"url":"http://hl7.org/fhir/tools/StructureDefinition/ig-parameter"},{"extension":[{"url":"code","valueString":"path-output"},{"url":"value","valueString":"output"}],"url":"http://hl7.org/fhir/tools/StructureDefinition/ig-parameter"},{"extension":[{"url":"code","valueString":"path-suppressed-warnings"},{"url":"value","valueString":"input/ignoreWarnings.txt"}],"url":"http://hl7.org/fhir/tools/StructureDefinition/ig-parameter"},{"extension":[{"url":"code","valueString":"path-history"},{"url":"value","valueString":"https://fhir.bbmri.de/history.html"}],"url":"http://hl7.org/fhir/tools/StructureDefinition/ig-parameter"},{"extension":[{"url":"code","valueString":"template-html"},{"url":"value","valueString":"template-page.html"}],"url":"http://hl7.org/fhir/tools/StructureDefinition/ig-parameter"},{"extension":[{"url":"code","valueString":"template-md"},{"url":"value","valueString":"template-page-md.html"}],"url":"http://hl7.org/fhir/tools/StructureDefinition/ig-parameter"},{"extension":[{"url":"code","valueString":"apply-contact"},{"url":"value","valueString":"true"}],"url":"http://hl7.org/fhir/tools/StructureDefinition/ig-parameter"},{"extension":[{"url":"code","valueString":"apply-context"},{"url":"value","valueString":"true"}],"url":"http://hl7.org/fhir/tools/StructureDefinition/ig-parameter"},{"extension":[{"url":"code","valueString":"apply-copyright"},{"url":"value","valueString":"true"}],"url":"http://hl7.org/fhir/tools/StructureDefinition/ig-parameter"},{"extension":[{"url":"code","valueString":"apply-jurisdiction"},{"url":"value","valueString":"true"}],"url":"http://hl7.org/fhir/tools/StructureDefinition/ig-parameter"},{"extension":[{"url":"code","valueString":"apply-license"},{"url":"value","valueString":"true"}],"url":"http://hl7.org/fhir/tools/StructureDefinition/ig-parameter"},{"extension":[{"url":"code","valueString":"apply-publisher"},{"url":"value","valueString":"true"}],"url":"http://hl7.org/fhir/tools/StructureDefinition/ig-parameter"},{"extension":[{"url":"code","valueString":"apply-version"},{"url":"value","valueString":"true"}],"url":"http://hl7.org/fhir/tools/StructureDefinition/ig-parameter"},{"extension":[{"url":"code","valueString":"active-tables"},{"url":"value","valueString":"true"}],"url":"http://hl7.org/fhir/tools/StructureDefinition/ig-parameter"}],"grouping":[{"id":"_str_profile","name":"Structures: Resource Profiles","description":"These define constraints on FHIR resources that need to be complied with by conformant implementations"},{"id":"_str_extension","name":"Structures: Extension Definitions","description":"These define constraints on FHIR data types that need to be complied with by conformant implementations"},{"id":"_term_valueset","name":"Terminology: Value Sets","description":"These define sets of codes used by systems conforming with this implementation guide"},{"id":"_term_codesystem","name":"Terminology: Code Systems","description":"These define new code systems used by systems conforming with this implementation guide"},{"id":"_ex_example","name":"Example: Example Instances","description":"These are example instances that show what data produced and consumed by systems conforming with this implementation guide might look like"},{"id":"_other","name":"Other","description":"These are resources that are used within this implementation guide that don't fit into one of the other categories"}],"resource":[{"extension":[{"url":"http://hl7.org/fhir/StructureDefinition/implementationguide-page","valueUri":"Bundle-53ef12a3-1e31-4fc1-adf6-9d30dc6c4784.html"}],"reference":{"reference":"Bundle/53ef12a3-1e31-4fc1-adf6-9d30dc6c4784"},"name":"Example Bundle - 53ef12a3-1e31-4fc1-adf6-9d30dc6c4784","exampleCanonical":"https://fhir.bbmri.de/StructureDefinition/BodyHeight","groupingId":"_ex_example"},{"extension":[{"url":"http://hl7.org/fhir/StructureDefinition/implementationguide-page","valueUri":"Organization-exampleCollection.html"}],"reference":{"reference":"Organization/exampleCollection"},"name":"Example Organization - exampleCollection","exampleCanonical":"https://fhir.bbmri.de/StructureDefinition/Collection","groupingId":"_ex_example"},{"extension":[{"url":"http://hl7.org/fhir/StructureDefinition/implementationguide-page","valueUri":"Specimen-0-specimen.html"}],"reference":{"reference":"Specimen/0-specimen"},"name":"Example Specimen - 0-specimen","exampleCanonical":"https://fhir.bbmri.de/StructureDefinition/Specimen","groupingId":"_ex_example"},{"extension":[{"url":"http://hl7.org/fhir/StructureDefinition/implementationguide-page","valueUri":"OrganizationAffiliation-example.html"}],"reference":{"reference":"OrganizationAffiliation/example"},"groupingId":"_other"},{"extension":[{"url":"http://hl7.org/fhir/StructureDefinition/implementationguide-page","valueUri":"Observation-0-body-weight.html"}],"reference":{"reference":"Observation/0-body-weight"},"name":"Example Observation - 0-body-weight","exampleCanonical":"https://fhir.bbmri.de/StructureDefinition/BodyWeight","groupingId":"_ex_example"},{"extension":[{"url":"http://hl7.org/fhir/StructureDefinition/implementationguide-page","valueUri":"Organization-exampleBiobank.html"}],"reference":{"reference":"Organization/exampleBiobank"},"name":"Example Organization - exampleBiobank","exampleCanonical":"https://fhir.bbmri.de/StructureDefinition/Biobank","groupingId":"_ex_example"},{"extension":[{"url":"http://hl7.org/fhir/StructureDefinition/implementationguide-page","valueUri":"Observation-0-tobacco-use.html"}],"reference":{"reference":"Observation/0-tobacco-use"},"name":"Example Observation - 0-tobacco-use","exampleCanonical":"https://fhir.bbmri.de/StructureDefinition/TobaccoUse","groupingId":"_ex_example"},{"extension":[{"url":"http://hl7.org/fhir/StructureDefinition/implementationguide-page","valueUri":"Observation-0-body-height.html"}],"reference":{"reference":"Observation/0-body-height"},"name":"Example Observation - 0-body-height","exampleCanonical":"https://fhir.bbmri.de/StructureDefinition/BodyHeight","groupingId":"_ex_example"},{"extension":[{"url":"http://hl7.org/fhir/StructureDefinition/implementationguide-page","valueUri":"Organization-exampleCollectionRD.html"}],"reference":{"reference":"Organization/exampleCollectionRD"},"name":"Example Organization - exampleCollectionRD","exampleCanonical":"https://fhir.bbmri.de/StructureDefinition/Collection","groupingId":"_ex_example"},{"extension":[{"url":"http://hl7.org/fhir/StructureDefinition/implementationguide-page","valueUri":"Patient-0.html"}],"reference":{"reference":"Patient/0"},"name":"Example Patient - 0","exampleCanonical":"https://fhir.bbmri.de/StructureDefinition/Patient","groupingId":"_ex_example"},{"extension":[{"url":"http://hl7.org/fhir/StructureDefinition/implementationguide-page","valueUri":"Observation-0-bmi.html"}],"reference":{"reference":"Observation/0-bmi"},"name":"Example Observation - 0-bmi","exampleCanonical":"https://fhir.bbmri.de/StructureDefinition/Bmi","groupingId":"_ex_example"},{"extension":[{"url":"http://hl7.org/fhir/StructureDefinition/implementationguide-page","valueUri":"StructureDefinition-Biobank.html"}],"reference":{"reference":"StructureDefinition/Biobank"},"name":"Biobank","groupingId":"_str_profile"},{"extension":[{"url":"http://hl7.org/fhir/StructureDefinition/implementationguide-page","valueUri":"StructureDefinition-BodyWeight.html"}],"reference":{"reference":"StructureDefinition/BodyWeight"},"name":"Body Weight","groupingId":"_str_profile"},{"extension":[{"url":"http://hl7.org/fhir/StructureDefinition/implementationguide-page","valueUri":"StructureDefinition-BioresourceReference.html"}],"reference":{"reference":"StructureDefinition/BioresourceReference"},"name":"Bioresource Reference","groupingId":"_str_extension"},{"extension":[{"url":"http://hl7.org/fhir/StructureDefinition/implementationguide-page","valueUri":"StructureDefinition-NetworkMembership.html"}],"reference":{"reference":"StructureDefinition/NetworkMembership"},"name":"Network Membership","description":"Resource representing the membership of a biobank in a biobank network","groupingId":"_str_profile"},{"extension":[{"url":"http://hl7.org/fhir/StructureDefinition/implementationguide-page","valueUri":"StructureDefinition-OrganizationDescription.html"}],"reference":{"reference":"StructureDefinition/OrganizationDescription"},"name":"Organization Description","description":"Description of the organization in English","groupingId":"_str_extension"},{"extension":[{"url":"http://hl7.org/fhir/StructureDefinition/implementationguide-page","valueUri":"CodeSystem-ContactType.html"}],"reference":{"reference":"CodeSystem/ContactType"},"name":"Contact Type","groupingId":"_term_codesystem"},{"extension":[{"url":"http://hl7.org/fhir/StructureDefinition/implementationguide-page","valueUri":"StructureDefinition-BodyHeight.html"}],"reference":{"reference":"StructureDefinition/BodyHeight"},"name":"Body Height","groupingId":"_str_profile"},{"extension":[{"url":"http://hl7.org/fhir/StructureDefinition/implementationguide-page","valueUri":"StructureDefinition-Bmi.html"}],"reference":{"reference":"StructureDefinition/Bmi"},"name":"BMI","groupingId":"_str_profile"},{"extension":[{"url":"http://hl7.org/fhir/StructureDefinition/implementationguide-page","valueUri":"ValueSet-SampleMaterialType.html"}],"reference":{"reference":"ValueSet/SampleMaterialType"},"name":"Sample Material Type","groupingId":"_term_valueset"},{"extension":[{"url":"http://hl7.org/fhir/StructureDefinition/implementationguide-page","valueUri":"StructureDefinition-CollectionType.html"}],"reference":{"reference":"StructureDefinition/CollectionType"},"name":"Collection Type","description":"The type of sample collections governed by the Organization.","groupingId":"_str_extension"},{"extension":[{"url":"http://hl7.org/fhir/StructureDefinition/implementationguide-page","valueUri":"ValueSet-CollectionType.html"}],"reference":{"reference":"ValueSet/CollectionType"},"name":"Collection Type","groupingId":"_term_valueset"},{"extension":[{"url":"http://hl7.org/fhir/StructureDefinition/implementationguide-page","valueUri":"StructureDefinition-Custodian.html"}],"reference":{"reference":"StructureDefinition/Custodian"},"name":"Custodian","groupingId":"_str_extension"},{"extension":[{"url":"http://hl7.org/fhir/StructureDefinition/implementationguide-page","valueUri":"StructureDefinition-TobaccoUse.html"}],"reference":{"reference":"StructureDefinition/TobaccoUse"},"name":"Tobacco Use","groupingId":"_str_profile"},{"extension":[{"url":"http://hl7.org/fhir/StructureDefinition/implementationguide-page","valueUri":"CodeSystem-ResourceType.html"}],"reference":{"reference":"CodeSystem/ResourceType"},"name":"Resource Type","description":"Types of resources that may be governed by a biobank or its collections","groupingId":"_term_codesystem"},{"extension":[{"url":"http://hl7.org/fhir/StructureDefinition/implementationguide-page","valueUri":"ValueSet-ResourceType.html"}],"reference":{"reference":"ValueSet/ResourceType"},"name":"Resource Type","groupingId":"_term_valueset"},{"extension":[{"url":"http://hl7.org/fhir/StructureDefinition/implementationguide-page","valueUri":"StructureDefinition-Specimen.html"}],"reference":{"reference":"StructureDefinition/Specimen"},"name":"Specimen","groupingId":"_str_profile"},{"extension":[{"url":"http://hl7.org/fhir/StructureDefinition/implementationguide-page","valueUri":"CodeSystem-DataCategory.html"}],"reference":{"reference":"CodeSystem/DataCategory"},"name":"Data Category","groupingId":"_term_codesystem"},{"extension":[{"url":"http://hl7.org/fhir/StructureDefinition/implementationguide-page","valueUri":"CodeSystem-QualityStandard.html"}],"reference":{"reference":"CodeSystem/QualityStandard"},"name":"Quality Standard","groupingId":"_term_codesystem"},{"extension":[{"url":"http://hl7.org/fhir/StructureDefinition/implementationguide-page","valueUri":"StructureDefinition-Collection.html"}],"reference":{"reference":"StructureDefinition/Collection"},"name":"Collection","groupingId":"_str_profile"},{"extension":[{"url":"http://hl7.org/fhir/StructureDefinition/implementationguide-page","valueUri":"StructureDefinition-Collaboration.html"}],"reference":{"reference":"StructureDefinition/Collaboration"},"name":"Collaboration","groupingId":"_str_extension"},{"extension":[{"url":"http://hl7.org/fhir/StructureDefinition/implementationguide-page","valueUri":"CodeSystem-StorageTemperature.html"}],"reference":{"reference":"CodeSystem/StorageTemperature"},"name":"Storage Temperature","groupingId":"_term_codesystem"},{"extension":[{"url":"http://hl7.org/fhir/StructureDefinition/implementationguide-page","valueUri":"ValueSet-OtherSampleDiagnosis.html"}],"reference":{"reference":"ValueSet/OtherSampleDiagnosis"},"name":"other sample diagnosis","groupingId":"_term_valueset"},{"extension":[{"url":"http://hl7.org/fhir/StructureDefinition/implementationguide-page","valueUri":"StructureDefinition-QualityStandard.html"}],"reference":{"reference":"StructureDefinition/QualityStandard"},"name":"Quality Standard","description":"Organization quality assessment","groupingId":"_str_extension"},{"extension":[{"url":"http://hl7.org/fhir/StructureDefinition/implementationguide-page","valueUri":"StructureDefinition-PartnerCharterSigned.html"}],"reference":{"reference":"StructureDefinition/PartnerCharterSigned"},"name":"Partner Charter Signed","groupingId":"_str_extension"},{"extension":[{"url":"http://hl7.org/fhir/StructureDefinition/implementationguide-page","valueUri":"StructureDefinition-CauseOfDeath.html"}],"reference":{"reference":"StructureDefinition/CauseOfDeath"},"name":"Cause of Death","groupingId":"_str_profile"},{"extension":[{"url":"http://hl7.org/fhir/StructureDefinition/implementationguide-page","valueUri":"StructureDefinition-Capabilities.html"}],"reference":{"reference":"StructureDefinition/Capabilities"},"name":"Capabilities","groupingId":"_str_extension"},{"extension":[{"url":"http://hl7.org/fhir/StructureDefinition/implementationguide-page","valueUri":"ValueSet-QualityStandard.html"}],"reference":{"reference":"ValueSet/QualityStandard"},"name":"Quality Standard","groupingId":"_term_valueset"},{"extension":[{"url":"http://hl7.org/fhir/StructureDefinition/implementationguide-page","valueUri":"CodeSystem-OtherSampleDiagnosis.html"}],"reference":{"reference":"CodeSystem/OtherSampleDiagnosis"},"name":"Other Sample Diagnosis","description":"Contains the additional (not contained in ICD-10) codes needed for coding the MIABIS Sample Diagnosis plus a non-MIABIS code for indicating tumor material without a specific diagnosis.","groupingId":"_term_codesystem"},{"extension":[{"url":"http://hl7.org/fhir/StructureDefinition/implementationguide-page","valueUri":"ValueSet-StorageTemperature.html"}],"reference":{"reference":"ValueSet/StorageTemperature"},"name":"Storage Temperature","groupingId":"_term_valueset"},{"extension":[{"url":"http://hl7.org/fhir/StructureDefinition/implementationguide-page","valueUri":"StructureDefinition-Patient.html"}],"reference":{"reference":"StructureDefinition/Patient"},"name":"Patient","description":"Resoure representing a sample donor","groupingId":"_str_profile"},{"extension":[{"url":"http://hl7.org/fhir/StructureDefinition/implementationguide-page","valueUri":"StructureDefinition-DataCategory.html"}],"reference":{"reference":"StructureDefinition/DataCategory"},"name":"Data Category","description":"The categories of data that are available as part of the collection","groupingId":"_str_extension"},{"extension":[{"url":"http://hl7.org/fhir/StructureDefinition/implementationguide-page","valueUri":"StructureDefinition-SampleDiagnosis.html"}],"reference":{"reference":"StructureDefinition/SampleDiagnosis"},"name":"Sample Diagnosis","groupingId":"_str_extension"},{"extension":[{"url":"http://hl7.org/fhir/StructureDefinition/implementationguide-page","valueUri":"StructureDefinition-AccessPolicy.html"}],"reference":{"reference":"StructureDefinition/AccessPolicy"},"name":"Access Policy","groupingId":"_str_extension"},{"extension":[{"url":"http://hl7.org/fhir/StructureDefinition/implementationguide-page","valueUri":"StructureDefinition-StorageTemperature.html"}],"reference":{"reference":"StructureDefinition/StorageTemperature"},"name":"Storage Temperature","groupingId":"_str_extension"},{"extension":[{"url":"http://hl7.org/fhir/StructureDefinition/implementationguide-page","valueUri":"CodeSystem-BiobankCapabilities.html"}],"reference":{"reference":"CodeSystem/BiobankCapabilities"},"name":"Biobank Capabilities","groupingId":"_term_codesystem"},{"extension":[{"url":"http://hl7.org/fhir/StructureDefinition/implementationguide-page","valueUri":"ValueSet-BiobankCapabilities.html"}],"reference":{"reference":"ValueSet/BiobankCapabilities"},"name":"Biobank Capabilities","groupingId":"_term_valueset"},{"extension":[{"url":"http://hl7.org/fhir/StructureDefinition/implementationguide-page","valueUri":"CodeSystem-SampleMaterialType.html"}],"reference":{"reference":"CodeSystem/SampleMaterialType"},"name":"Sample Material Type","description":"The type of material the sample consists of.","groupingId":"_term_codesystem"},{"extension":[{"url":"http://hl7.org/fhir/StructureDefinition/implementationguide-page","valueUri":"StructureDefinition-JuridicalPerson.html"}],"reference":{"reference":"StructureDefinition/JuridicalPerson"},"name":"Juridical Person","description":"Name of the legal entity of the organization","groupingId":"_str_extension"},{"extension":[{"url":"http://hl7.org/fhir/StructureDefinition/implementationguide-page","valueUri":"StructureDefinition-ParentCollection.html"}],"reference":{"reference":"StructureDefinition/ParentCollection"},"name":"Parent Collection","groupingId":"_str_extension"},{"extension":[{"url":"http://hl7.org/fhir/StructureDefinition/implementationguide-page","valueUri":"StructureDefinition-Condition.html"}],"reference":{"reference":"StructureDefinition/Condition"},"name":"Condition","groupingId":"_str_profile"},{"extension":[{"url":"http://hl7.org/fhir/StructureDefinition/implementationguide-page","valueUri":"CodeSystem-CollectionType.html"}],"reference":{"reference":"CodeSystem/CollectionType"},"name":"Collection Type","groupingId":"_term_codesystem"},{"extension":[{"url":"http://hl7.org/fhir/StructureDefinition/implementationguide-page","valueUri":"StructureDefinition-ContactRole.html"}],"reference":{"reference":"StructureDefinition/ContactRole"},"name":"Contact Role","groupingId":"_str_extension"},{"extension":[{"url":"http://hl7.org/fhir/StructureDefinition/implementationguide-page","valueUri":"StructureDefinition-ITSupport.html"}],"reference":{"reference":"StructureDefinition/ITSupport"},"name":"IT Support","groupingId":"_str_extension"},{"extension":[{"url":"http://hl7.org/fhir/StructureDefinition/implementationguide-page","valueUri":"StructureDefinition-ResourceManagement.html"}],"reference":{"reference":"StructureDefinition/ResourceManagement"},"name":"Resource Management","groupingId":"_str_extension"},{"extension":[{"url":"http://hl7.org/fhir/StructureDefinition/implementationguide-page","valueUri":"StructureDefinition-IdCard.html"}],"reference":{"reference":"StructureDefinition/IdCard"},"name":"ID Card","groupingId":"_str_extension"},{"extension":[{"url":"http://hl7.org/fhir/StructureDefinition/implementationguide-page","valueUri":"ValueSet-DataCategory.html"}],"reference":{"reference":"ValueSet/DataCategory"},"name":"Data Category","groupingId":"_term_valueset"}],"page":{"nameUrl":"toc.html","title":"Table of Contents","generation":"html","page":[{"nameUrl":"index.html","title":"MyIG Home Page","generation":"html"},{"nameUrl":"overview.html","title":"Overview","generation":"markdown"},{"nameUrl":"spec.html","title":"Detailed Specification","generation":"markdown"},{"nameUrl":"mappings.html","title":"Mappings","generation":"markdown"},{"nameUrl":"referencedIGs.html","title":"Referenced IGs","generation":"markdown"},{"nameUrl":"downloads.html","title":"Useful Downloads","generation":"html"},{"nameUrl":"changes.html","title":"IG Change History","generation":"html"},{"nameUrl":"artifacts.html","title":"Artifacts Summary","generation":"html","page":[{"nameUrl":"StructureDefinition-Biobank.html","title":"Biobank","generation":"generated"},{"nameUrl":"StructureDefinition-BodyWeight.html","title":"Body Weight","generation":"generated"},{"nameUrl":"StructureDefinition-NetworkMembership.html","title":"Network Membership","generation":"generated"},{"nameUrl":"StructureDefinition-BodyHeight.html","title":"Body Height","generation":"generated"},{"nameUrl":"StructureDefinition-Bmi.html","title":"BMI","generation":"generated"},{"nameUrl":"StructureDefinition-TobaccoUse.html","title":"Tobacco Use","generation":"generated"},{"nameUrl":"StructureDefinition-Specimen.html","title":"Specimen","generation":"generated"},{"nameUrl":"StructureDefinition-Collection.html","title":"Collection","generation":"generated"},{"nameUrl":"StructureDefinition-CauseOfDeath.html","title":"Cause of Death","generation":"generated"},{"nameUrl":"StructureDefinition-Patient.html","title":"Patient","generation":"generated"},{"nameUrl":"StructureDefinition-Condition.html","title":"Condition","generation":"generated"},{"nameUrl":"StructureDefinition-BioresourceReference.html","title":"Bioresource Reference","generation":"generated"},{"nameUrl":"StructureDefinition-OrganizationDescription.html","title":"Organization Description","generation":"generated"},{"nameUrl":"StructureDefinition-CollectionType.html","title":"Collection Type","generation":"generated"},{"nameUrl":"StructureDefinition-Custodian.html","title":"Custodian","generation":"generated"},{"nameUrl":"StructureDefinition-Collaboration.html","title":"Collaboration","generation":"generated"},{"nameUrl":"StructureDefinition-QualityStandard.html","title":"Quality Standard","generation":"generated"},{"nameUrl":"StructureDefinition-PartnerCharterSigned.html","title":"Partner Charter Signed","generation":"generated"},{"nameUrl":"StructureDefinition-Capabilities.html","title":"Capabilities","generation":"generated"},{"nameUrl":"StructureDefinition-DataCategory.html","title":"Data Category","generation":"generated"},{"nameUrl":"StructureDefinition-SampleDiagnosis.html","title":"Sample Diagnosis","generation":"generated"},{"nameUrl":"StructureDefinition-AccessPolicy.html","title":"Access Policy","generation":"generated"},{"nameUrl":"StructureDefinition-StorageTemperature.html","title":"Storage Temperature","generation":"generated"},{"nameUrl":"StructureDefinition-JuridicalPerson.html","title":"Juridical Person","generation":"generated"},{"nameUrl":"StructureDefinition-ParentCollection.html","title":"Parent Collection","generation":"generated"},{"nameUrl":"StructureDefinition-ContactRole.html","title":"Contact Role","generation":"generated"},{"nameUrl":"StructureDefinition-ITSupport.html","title":"IT Support","generation":"generated"},{"nameUrl":"StructureDefinition-ResourceManagement.html","title":"Resource Management","generation":"generated"},{"nameUrl":"StructureDefinition-IdCard.html","title":"ID Card","generation":"generated"},{"nameUrl":"ValueSet-SampleMaterialType.html","title":"Sample Material Type","generation":"generated"},{"nameUrl":"ValueSet-CollectionType.html","title":"Collection Type","generation":"generated"},{"nameUrl":"ValueSet-ResourceType.html","title":"Resource Type","generation":"generated"},{"nameUrl":"ValueSet-OtherSampleDiagnosis.html","title":"other sample diagnosis","generation":"generated"},{"nameUrl":"ValueSet-QualityStandard.html","title":"Quality Standard","generation":"generated"},{"nameUrl":"ValueSet-StorageTemperature.html","title":"Storage Temperature","generation":"generated"},{"nameUrl":"ValueSet-BiobankCapabilities.html","title":"Biobank Capabilities","generation":"generated"},{"nameUrl":"ValueSet-DataCategory.html","title":"Data Category","generation":"generated"},{"nameUrl":"CodeSystem-ContactType.html","title":"Contact Type","generation":"generated"},{"nameUrl":"CodeSystem-ResourceType.html","title":"Resource Type","generation":"generated"},{"nameUrl":"CodeSystem-DataCategory.html","title":"Data Category","generation":"generated"},{"nameUrl":"CodeSystem-QualityStandard.html","title":"Quality Standard","generation":"generated"},{"nameUrl":"CodeSystem-StorageTemperature.html","title":"Storage Temperature","generation":"generated"},{"nameUrl":"CodeSystem-OtherSampleDiagnosis.html","title":"Other Sample Diagnosis","generation":"generated"},{"nameUrl":"CodeSystem-BiobankCapabilities.html","title":"Biobank Capabilities","generation":"generated"},{"nameUrl":"CodeSystem-SampleMaterialType.html","title":"Sample Material Type","generation":"generated"},{"nameUrl":"CodeSystem-CollectionType.html","title":"Collection Type","generation":"generated"},{"nameUrl":"Bundle-53ef12a3-1e31-4fc1-adf6-9d30dc6c4784.html","title":"Example Bundle - 53ef12a3-1e31-4fc1-adf6-9d30dc6c4784","generation":"generated"},{"nameUrl":"Organization-exampleCollection.html","title":"Example Organization - exampleCollection","generation":"generated"},{"nameUrl":"Specimen-0-specimen.html","title":"Example Specimen - 0-specimen","generation":"generated"},{"nameUrl":"Observation-0-body-weight.html","title":"Example Observation - 0-body-weight","generation":"generated"},{"nameUrl":"Organization-exampleBiobank.html","title":"Example Organization - exampleBiobank","generation":"generated"},{"nameUrl":"Observation-0-tobacco-use.html","title":"Example Observation - 0-tobacco-use","generation":"generated"},{"nameUrl":"Observation-0-body-height.html","title":"Example Observation - 0-body-height","generation":"generated"},{"nameUrl":"Organization-exampleCollectionRD.html","title":"Example Organization - exampleCollectionRD","generation":"generated"},{"nameUrl":"Patient-0.html","title":"Example Patient - 0","generation":"generated"},{"nameUrl":"Observation-0-bmi.html","title":"Example Observation - 0-bmi","generation":"generated"},{"nameUrl":"OrganizationAffiliation-example.html","generation":"generated"}]}]},"parameter":[{"code":"path-resource","value":"input/capabilities"},{"code":"path-resource","value":"input/examples"},{"code":"path-resource","value":"input/extensions"},{"code":"path-resource","value":"input/models"},{"code":"path-resource","value":"input/operations"},{"code":"path-resource","value":"input/profiles"},{"code":"path-resource","value":"input/resources"},{"code":"path-resource","value":"input/vocabulary"},{"code":"path-resource","value":"input/maps"},{"code":"path-pages","value":"template/config"},{"code":"path-pages","value":"input/images"},{"code":"path-tx-cache","value":"input-cache/txcache"}]}}