{"resourceType":"Measure","id":"SpecimenQualityReports","url":"https://fhir.bbmri.de/Measure/SpecimenQualityReports","version":"1.2.0","name":"SpecimenQualityReports","title":"Specimen Quality Reports","status":"draft","subjectCodeableConcept":{"coding":[{"system":"http://hl7.org/fhir/resource-types","code":"Specimen"}]},"date":"2023-09-01T11:58:43+00:00","publisher":"bbmri.de","contact":[{"name":"bbmri.de","telecom":[{"system":"url","value":"bbmri.de"},{"system":"email","value":"feedback@germanbiobanknode.de"}]}],"description":"This measure contains various specimen related stratifiers to help to evaluate data quality.","library":["https://fhir.bbmri.de/Library/SpecimenQualityReports"],"scoring":{"coding":[{"system":"http://terminology.hl7.org/CodeSystem/measure-scoring","code":"cohort"}]},"group":[{"population":[{"code":{"coding":[{"system":"http://terminology.hl7.org/CodeSystem/measure-population","code":"initial-population"}]},"criteria":{"language":"text/cql","expression":"InInitialPopulation"}}],"stratifier":[{"code":{"text":"FirstSampleMaterialType"},"criteria":{"language":"text/cql","expression":"FirstSampleMaterialType"}},{"code":{"text":"NumberOfSampleMaterialTypes"},"criteria":{"language":"text/cql","expression":"NumberOfSampleMaterialTypes"}},{"code":{"text":"CollectedYear"},"criteria":{"language":"text/cql","expression":"CollectedYear"}},{"code":{"text":"CollectedMonth"},"criteria":{"language":"text/cql","expression":"CollectedMonth"}},{"code":{"text":"CollectedDay"},"criteria":{"language":"text/cql","expression":"CollectedDay"}},{"code":{"text":"CollectedHour"},"criteria":{"language":"text/cql","expression":"CollectedHour"}},{"code":{"text":"StorageTemperatureCodes"},"criteria":{"language":"text/cql","expression":"StorageTemperatureCodes"}},{"code":{"text":"NumberOfStorageTemperatureCodes"},"criteria":{"language":"text/cql","expression":"NumberOfStorageTemperatureCodes"}},{"code":{"text":"SampleDiagnosisICD10Codes"},"criteria":{"language":"text/cql","expression":"SampleDiagnosisICD10Codes"}},{"code":{"text":"NumberOfSampleDiagnosesICD10Codes"},"criteria":{"language":"text/cql","expression":"NumberOfSampleDiagnosesICD10Codes"}},{"code":{"text":"SampleDiagnosisICD10GMCodes"},"criteria":{"language":"text/cql","expression":"SampleDiagnosisICD10GMCodes"}},{"code":{"text":"NumberOfSampleDiagnosesICD10GMCodes"},"criteria":{"language":"text/cql","expression":"NumberOfSampleDiagnosesICD10GMCodes"}},{"code":{"text":"BodySiteCodes"},"criteria":{"language":"text/cql","expression":"BodySiteCodes"}},{"code":{"text":"NumberOfBodySiteCodes"},"criteria":{"language":"text/cql","expression":"NumberOfBodySiteCodes"}}]}]}