{"resourceType":"ValueSet","id":"ResourceType","text":{"status":"generated","div":"<div xmlns=\"http://www.w3.org/1999/xhtml\"><ul><li>Include all codes defined in <a href=\"CodeSystem-ResourceType.html\"><code>https://fhir.bbmri.de/CodeSystem/ResourceType</code></a></li></ul></div>"},"url":"https://fhir.bbmri.de/ValueSet/ResourceType","version":"1.2.0","name":"ResourceType","title":"Resource Type","status":"active","date":"2023-09-01T11:58:43+00:00","publisher":"bbmri.de","contact":[{"name":"bbmri.de","telecom":[{"system":"url","value":"bbmri.de"},{"system":"email","value":"feedback@germanbiobanknode.de"}]}],"compose":{"include":[{"system":"https://fhir.bbmri.de/CodeSystem/ResourceType"}]}}