{"resourceType":"ValueSet","id":"BiobankCapabilities","text":{"status":"generated","div":"<div xmlns=\"http://www.w3.org/1999/xhtml\"><h2>Biobank Capabilities</h2><ul><li>Include all codes defined in <a href=\"CodeSystem-BiobankCapabilities.html\"><code>https://fhir.bbmri.de/CodeSystem/BiobankCapabilities</code></a></li></ul></div>"},"url":"https://fhir.bbmri.de/ValueSet/BiobankCapabilities","version":"0.1.0-beta","name":"BiobankCapabilities","title":"Biobank Capabilities","status":"draft","date":"2020-04-02T15:02:34+00:00","publisher":"BBMRI.de","contact":[{"telecom":[{"system":"url","value":"https://www.bbmri.de"},{"system":"email","value":"feedback@germanbiobanknode.de"}]}],"jurisdiction":[{"coding":[{"system":"http://unstats.un.org/unsd/methods/m49/m49.htm","code":"001"}]}],"compose":{"include":[{"system":"https://fhir.bbmri.de/CodeSystem/BiobankCapabilities"}]}}