{"resourceType":"ValueSet","id":"StorageTemperature","text":{"status":"generated","div":"<div xmlns=\"http://www.w3.org/1999/xhtml\"><ul><li>Include all codes defined in <a href=\"CodeSystem-StorageTemperature.html\"><code>https://fhir.bbmri.de/CodeSystem/StorageTemperature</code></a></li></ul></div>"},"url":"https://fhir.bbmri.de/ValueSet/StorageTemperature","version":"1.2.0","name":"StorageTemperature","title":"Storage Temperature","status":"active","date":"2020-09-16T11:11:35+00:00","publisher":"bbmri.de","contact":[{"name":"bbmri.de","telecom":[{"system":"url","value":"bbmri.de"},{"system":"email","value":"feedback@germanbiobanknode.de"}]}],"compose":{"include":[{"system":"https://fhir.bbmri.de/CodeSystem/StorageTemperature"}]}}