{"resourceType":"ValueSet","id":"QualityStandard","text":{"status":"generated","div":"<div xmlns=\"http://www.w3.org/1999/xhtml\"><ul><li>Include all codes defined in <a href=\"CodeSystem-QualityStandard.html\"><code>https://fhir.bbmri.de/CodeSystem/QualityStandard</code></a></li></ul></div>"},"url":"https://fhir.bbmri.de/ValueSet/QualityStandard","version":"1.2.0","name":"QualityStandard","title":"Quality Standard","status":"active","date":"2021-03-03T08:01:39+00:00","publisher":"bbmri.de","contact":[{"name":"bbmri.de","telecom":[{"system":"url","value":"bbmri.de"},{"system":"email","value":"feedback@germanbiobanknode.de"}]}],"compose":{"include":[{"system":"https://fhir.bbmri.de/CodeSystem/QualityStandard"}]}}