{"resourceType":"ValueSet","id":"OtherSampleDiagnosis","text":{"status":"generated","div":"<div xmlns=\"http://www.w3.org/1999/xhtml\"><ul><li>Include all codes defined in <a href=\"http://hl7.org/fhir/R4/CodeSystem-OtherSampleDiagnosis.html\"><code>https://fhir.bbmri.de/CodeSystem/OtherSampleDiagnosis</code></a></li></ul></div>"},"url":"https://fhir.bbmri.de/ValueSet/OtherSampleDiagnosis","version":"1.1.0","name":"OtherSampleDiagnosis","title":"other sample diagnosis","status":"active","date":"2020-05-28T14:12:37+00:00","publisher":"BBMRI.de","contact":[{"telecom":[{"system":"url","value":"https://www.bbmri.de"},{"system":"email","value":"feedback@germanbiobanknode.de"}]}],"compose":{"include":[{"system":"https://fhir.bbmri.de/CodeSystem/OtherSampleDiagnosis"}]}}