{"resourceType":"ValueSet","id":"BiobankCapabilities","text":{"status":"generated","div":"<div xmlns=\"http://www.w3.org/1999/xhtml\"><ul><li>Include all codes defined in <a href=\"CodeSystem-BiobankCapabilities.html\"><code>https://fhir.bbmri.de/CodeSystem/BiobankCapabilities</code></a></li></ul></div>"},"url":"https://fhir.bbmri.de/ValueSet/BiobankCapabilities","version":"1.2.0","name":"BiobankCapabilities","title":"Biobank Capabilities","status":"active","date":"2023-09-01T08:46:52+00:00","publisher":"bbmri.de","contact":[{"name":"bbmri.de","telecom":[{"system":"url","value":"bbmri.de"},{"system":"email","value":"feedback@germanbiobanknode.de"}]}],"compose":{"include":[{"system":"https://fhir.bbmri.de/CodeSystem/BiobankCapabilities"}]}}