{"resourceType":"ValueSet","id":"DataCategory","text":{"status":"generated","div":"<div xmlns=\"http://www.w3.org/1999/xhtml\"><h2>Data Category</h2><ul><li>Include all codes defined in <a href=\"CodeSystem-DataCategory.html\"><code>https://fhir.bbmri.de/CodeSystem/DataCategory</code></a></li></ul></div>"},"url":"https://fhir.bbmri.de/ValueSet/DataCategory","version":"1.0.0","name":"DataCategory","title":"Data Category","status":"active","date":"2020-04-03T15:15:11+00:00","publisher":"BBMRI.de","contact":[{"telecom":[{"system":"url","value":"https://www.bbmri.de"},{"system":"email","value":"feedback@germanbiobanknode.de"}]}],"compose":{"include":[{"system":"https://fhir.bbmri.de/CodeSystem/DataCategory"}]}}