{"resourceType":"ValueSet","id":"DataCategory","text":{"status":"generated","div":"<div xmlns=\"http://www.w3.org/1999/xhtml\"><ul><li>Include all codes defined in <a href=\"CodeSystem-DataCategory.html\"><code>https://fhir.bbmri.de/CodeSystem/DataCategory</code></a></li></ul></div>"},"url":"https://fhir.bbmri.de/ValueSet/DataCategory","version":"1.2.0","name":"DataCategory","title":"Data Category","status":"active","date":"2023-02-08T10:28:33+00:00","publisher":"bbmri.de","contact":[{"name":"bbmri.de","telecom":[{"system":"url","value":"bbmri.de"},{"system":"email","value":"feedback@germanbiobanknode.de"}]}],"compose":{"include":[{"system":"https://fhir.bbmri.de/CodeSystem/DataCategory"}]}}