{
  "resourceType" : "CodeSystem",
  "id" : "DataCategory",
  "text" : {
    "status" : "generated",
    "div" : "<div xmlns=\"http://www.w3.org/1999/xhtml\">Placeholder</div>"
  },
  "url" : "https://fhir.bbmri.de/CodeSystem/DataCategory",
  "version" : "1.2.0",
  "name" : "DataCategory",
  "title" : "Data Category",
  "status" : "active",
  "date" : "2023-09-01T08:46:52+00:00",
  "publisher" : "bbmri.de",
  "contact" : [{
    "name" : "bbmri.de",
    "telecom" : [{
      "system" : "url",
      "value" : "bbmri.de"
    },
    {
      "system" : "email",
      "value" : "feedback@germanbiobanknode.de"
    }]
  }],
  "caseSensitive" : false,
  "content" : "complete",
  "concept" : [{
    "code" : "BIOLOGICAL_SAMPLES",
    "display" : "Biological samples"
  },
  {
    "code" : "GENEALOGICAL_RECORDS",
    "display" : "Genealogical records"
  },
  {
    "code" : "IMAGING_DATA",
    "display" : "Imaging data"
  },
  {
    "code" : "MEDICAL_RECORDS",
    "display" : "Medical records"
  },
  {
    "code" : "NATIONAL_REGISTRIES",
    "display" : "National registries"
  },
  {
    "code" : "NAV",
    "display" : "Not available"
  },
  {
    "code" : "OTHER",
    "display" : "other"
  },
  {
    "code" : "PHYSIOLOGICAL_BIOCHEMICAL_MEASUREMENTS",
    "display" : "Physiological/Biochemical measurements"
  },
  {
    "code" : "SURVEY_DATA",
    "display" : "Survey data"
  }]
}