{
  "resourceType": "CodeSystem",
  "id": "QualityStandard",
  "text": {
    "status": "generated",
    "div": "<div xmlns=\"http://www.w3.org/1999/xhtml\"><p>This code system https://fhir.bbmri.de/CodeSystem/QualityStandard defines the following codes:</p><table class=\"codes\"><tr><td style=\"white-space:nowrap\"><b>Code</b></td><td><b>Display</b></td></tr><tr><td style=\"white-space:nowrap\">iso-15189<a name=\"QualityStandard-iso-15189\"> </a></td><td>ISO-15189</td></tr><tr><td style=\"white-space:nowrap\">iso-15190<a name=\"QualityStandard-iso-15190\"> </a></td><td>ISO-15190</td></tr><tr><td style=\"white-space:nowrap\">iso-17025<a name=\"QualityStandard-iso-17025\"> </a></td><td>ISO-17025</td></tr><tr><td style=\"white-space:nowrap\">iso-9001<a name=\"QualityStandard-iso-9001\"> </a></td><td>ISO-9001</td></tr><tr><td style=\"white-space:nowrap\">nfs96-900<a name=\"QualityStandard-nfs96-900\"> </a></td><td>NFS96-900</td></tr><tr><td style=\"white-space:nowrap\">oecd-guidelines<a name=\"QualityStandard-oecd-guidelines\"> </a></td><td>OECD Guidelines</td></tr><tr><td style=\"white-space:nowrap\">others<a name=\"QualityStandard-others\"> </a></td><td>Others</td></tr></table></div>"
  },
  "url": "https://fhir.bbmri.de/CodeSystem/QualityStandard",
  "version": "1.2.0",
  "name": "QualityStandard",
  "title": "Quality Standard",
  "status": "active",
  "date": "2021-02-26T15:12:27+00:00",
  "publisher": "bbmri.de",
  "contact": [
    {
      "name": "bbmri.de",
      "telecom": [
        {
          "system": "url",
          "value": "bbmri.de"
        },
        {
          "system": "email",
          "value": "feedback@germanbiobanknode.de"
        }
      ]
    }
  ],
  "caseSensitive": false,
  "content": "complete",
  "concept": [
    {
      "code": "iso-15189",
      "display": "ISO-15189"
    },
    {
      "code": "iso-15190",
      "display": "ISO-15190"
    },
    {
      "code": "iso-17025",
      "display": "ISO-17025"
    },
    {
      "code": "iso-9001",
      "display": "ISO-9001"
    },
    {
      "code": "nfs96-900",
      "display": "NFS96-900"
    },
    {
      "code": "oecd-guidelines",
      "display": "OECD Guidelines"
    },
    {
      "code": "others",
      "display": "Others"
    }
  ]
}