{
  "resourceType" : "CodeSystem",
  "id" : "StorageTemperature",
  "text" : {
    "status" : "generated",
    "div" : "<div xmlns=\"http://www.w3.org/1999/xhtml\">Placeholder</div>"
  },
  "url" : "https://fhir.bbmri.de/CodeSystem/StorageTemperature",
  "version" : "1.2.0",
  "name" : "StorageTemperature",
  "title" : "Storage Temperature",
  "status" : "active",
  "date" : "2023-09-01T11:58:43+00:00",
  "publisher" : "bbmri.de",
  "contact" : [{
    "name" : "bbmri.de",
    "telecom" : [{
      "system" : "url",
      "value" : "bbmri.de"
    },
    {
      "system" : "email",
      "value" : "feedback@germanbiobanknode.de"
    }]
  }],
  "content" : "complete",
  "concept" : [{
    "code" : "temperature2to10",
    "display" : "Degrees Celsius 2 to 10"
  },
  {
    "code" : "temperature-18to-35",
    "display" : "Degrees Celsius -18 to -35"
  },
  {
    "code" : "temperature-60to-85",
    "display" : "Degrees Celsius -60 to -85"
  },
  {
    "code" : "temperatureGN",
    "display" : "Gaseous nitrogen"
  },
  {
    "code" : "temperatureLN",
    "display" : "Liquid nitrogen"
  },
  {
    "code" : "temperatureRoom",
    "display" : "Room temperature"
  },
  {
    "code" : "temperatureOther",
    "display" : "Other storage temperature"
  }]
}