{
  "resourceType": "CodeSystem",
  "id": "StorageTemperature",
  "text": {
    "status": "generated",
    "div": "<div xmlns=\"http://www.w3.org/1999/xhtml\"><h2>Storage Temperature</h2><p>This code system https://fhir.bbmri.de/CodeSystem/StorageTemperature defines the following codes:</p><table class=\"codes\"><tr><td style=\"white-space:nowrap\"><b>Code</b></td><td><b>Display</b></td><td><b>Definition</b></td></tr><tr><td style=\"white-space:nowrap\">temperature2to10<a name=\"StorageTemperature-temperature2to10\"> </a></td><td>Degrees Celsius 2 to 10</td><td/></tr><tr><td style=\"white-space:nowrap\">temperature-18to-35<a name=\"StorageTemperature-temperature-18to-35\"> </a></td><td>Degrees Celsius -18 to -35</td><td/></tr><tr><td style=\"white-space:nowrap\">temperature-60to-85<a name=\"StorageTemperature-temperature-60to-85\"> </a></td><td>Degrees Celsius -60 to -85</td><td/></tr><tr><td style=\"white-space:nowrap\">temperatureGN<a name=\"StorageTemperature-temperatureGN\"> </a></td><td>Gaseous nitrogen</td><td/></tr><tr><td style=\"white-space:nowrap\">temperatureLN<a name=\"StorageTemperature-temperatureLN\"> </a></td><td>Liquid nitrogen</td><td/></tr><tr><td style=\"white-space:nowrap\">temperatureRoom<a name=\"StorageTemperature-temperatureRoom\"> </a></td><td>Room temperature</td><td/></tr><tr><td style=\"white-space:nowrap\">temperatureOther<a name=\"StorageTemperature-temperatureOther\"> </a></td><td>Other storage temperature</td><td/></tr></table></div>"
  },
  "url": "https://fhir.bbmri.de/CodeSystem/StorageTemperature",
  "version": "0.1.0-beta",
  "name": "StorageTemperature",
  "title": "Storage Temperature",
  "status": "draft",
  "date": "2020-04-03T06:03:09+00:00",
  "publisher": "BBMRI.de",
  "contact": [
    {
      "telecom": [
        {
          "system": "url",
          "value": "https://www.bbmri.de"
        },
        {
          "system": "email",
          "value": "feedback@germanbiobanknode.de"
        }
      ]
    }
  ],
  "jurisdiction": [
    {
      "coding": [
        {
          "system": "http://unstats.un.org/unsd/methods/m49/m49.htm",
          "code": "001"
        }
      ]
    }
  ],
  "content": "complete",
  "concept": [
    {
      "code": "temperature2to10",
      "display": "Degrees Celsius 2 to 10"
    },
    {
      "code": "temperature-18to-35",
      "display": "Degrees Celsius -18 to -35"
    },
    {
      "code": "temperature-60to-85",
      "display": "Degrees Celsius -60 to -85"
    },
    {
      "code": "temperatureGN",
      "display": "Gaseous nitrogen"
    },
    {
      "code": "temperatureLN",
      "display": "Liquid nitrogen"
    },
    {
      "code": "temperatureRoom",
      "display": "Room temperature"
    },
    {
      "code": "temperatureOther",
      "display": "Other storage temperature"
    }
  ]
}