{
  "resourceType": "ImplementationGuide",
  "id": "de.bbmri.fhir",
  "text": {
    "status": "generated",
    "div": "<div xmlns=\"http://www.w3.org/1999/xhtml\"><h2>BBMRI_DE_IG</h2><p>The official URL for this implementation guide is: </p><pre>https://fhir.bbmri.de/ImplementationGuide/de.bbmri.fhir</pre><div><p>Profiles for the GBA/BBMRI.de project</p>\n</div></div>"
  },
  "url": "https://fhir.bbmri.de/ImplementationGuide/de.bbmri.fhir",
  "version": "0.1.0-beta",
  "name": "BBMRI_DE_IG",
  "title": "BBMRI.de Implementation Guide",
  "status": "draft",
  "experimental": true,
  "date": "2020-04-02T14:50:58+00:00",
  "publisher": "BBMRI.de",
  "contact": [
    {
      "telecom": [
        {
          "system": "url",
          "value": "https://www.bbmri.de"
        },
        {
          "system": "email",
          "value": "feedback@germanbiobanknode.de"
        }
      ]
    }
  ],
  "description": "Profiles for the GBA/BBMRI.de project",
  "jurisdiction": [
    {
      "coding": [
        {
          "system": "http://unstats.un.org/unsd/methods/m49/m49.htm",
          "code": "001"
        }
      ]
    }
  ],
  "packageId": "de.bbmri.fhir",
  "license": "CC-BY-SA-4.0",
  "fhirVersion": [
    "4.0.1"
  ],
  "dependsOn": [
    {
      "uri": "http://hl7.org/fhir/uv/ips/ImplementationGuide/hl7.fhir.uv.ips",
      "packageId": "hl7.fhir.uv.ips",
      "version": "0.3.0"
    }
  ],
  "definition": {
    "extension": [
      {
        "extension": [
          {
            "url": "code",
            "valueString": "copyrightyear"
          },
          {
            "url": "value",
            "valueString": "2020+"
          }
        ],
        "url": "http://hl7.org/fhir/tools/StructureDefinition/ig-parameter"
      },
      {
        "extension": [
          {
            "url": "code",
            "valueString": "releaselabel"
          },
          {
            "url": "value",
            "valueString": "CI Build"
          }
        ],
        "url": "http://hl7.org/fhir/tools/StructureDefinition/ig-parameter"
      },
      {
        "extension": [
          {
            "url": "code",
            "valueString": "autoload-resources"
          },
          {
            "url": "value",
            "valueString": "true"
          }
        ],
        "url": "http://hl7.org/fhir/tools/StructureDefinition/ig-parameter"
      },
      {
        "extension": [
          {
            "url": "code",
            "valueString": "path-liquid"
          },
          {
            "url": "value",
            "valueString": "template/liquid"
          }
        ],
        "url": "http://hl7.org/fhir/tools/StructureDefinition/ig-parameter"
      },
      {
        "extension": [
          {
            "url": "code",
            "valueString": "path-liquid"
          },
          {
            "url": "value",
            "valueString": "input/liquid"
          }
        ],
        "url": "http://hl7.org/fhir/tools/StructureDefinition/ig-parameter"
      },
      {
        "extension": [
          {
            "url": "code",
            "valueString": "path-qa"
          },
          {
            "url": "value",
            "valueString": "temp/qa"
          }
        ],
        "url": "http://hl7.org/fhir/tools/StructureDefinition/ig-parameter"
      },
      {
        "extension": [
          {
            "url": "code",
            "valueString": "path-temp"
          },
          {
            "url": "value",
            "valueString": "temp/pages"
          }
        ],
        "url": "http://hl7.org/fhir/tools/StructureDefinition/ig-parameter"
      },
      {
        "extension": [
          {
            "url": "code",
            "valueString": "path-output"
          },
          {
            "url": "value",
            "valueString": "output"
          }
        ],
        "url": "http://hl7.org/fhir/tools/StructureDefinition/ig-parameter"
      },
      {
        "extension": [
          {
            "url": "code",
            "valueString": "path-suppressed-warnings"
          },
          {
            "url": "value",
            "valueString": "input/ignoreWarnings.txt"
          }
        ],
        "url": "http://hl7.org/fhir/tools/StructureDefinition/ig-parameter"
      },
      {
        "extension": [
          {
            "url": "code",
            "valueString": "path-history"
          },
          {
            "url": "value",
            "valueString": "https://fhir.bbmri.de/history.html"
          }
        ],
        "url": "http://hl7.org/fhir/tools/StructureDefinition/ig-parameter"
      },
      {
        "extension": [
          {
            "url": "code",
            "valueString": "template-html"
          },
          {
            "url": "value",
            "valueString": "template-page.html"
          }
        ],
        "url": "http://hl7.org/fhir/tools/StructureDefinition/ig-parameter"
      },
      {
        "extension": [
          {
            "url": "code",
            "valueString": "template-md"
          },
          {
            "url": "value",
            "valueString": "template-page-md.html"
          }
        ],
        "url": "http://hl7.org/fhir/tools/StructureDefinition/ig-parameter"
      },
      {
        "extension": [
          {
            "url": "code",
            "valueString": "apply-contact"
          },
          {
            "url": "value",
            "valueString": "true"
          }
        ],
        "url": "http://hl7.org/fhir/tools/StructureDefinition/ig-parameter"
      },
      {
        "extension": [
          {
            "url": "code",
            "valueString": "apply-context"
          },
          {
            "url": "value",
            "valueString": "true"
          }
        ],
        "url": "http://hl7.org/fhir/tools/StructureDefinition/ig-parameter"
      },
      {
        "extension": [
          {
            "url": "code",
            "valueString": "apply-copyright"
          },
          {
            "url": "value",
            "valueString": "true"
          }
        ],
        "url": "http://hl7.org/fhir/tools/StructureDefinition/ig-parameter"
      },
      {
        "extension": [
          {
            "url": "code",
            "valueString": "apply-jurisdiction"
          },
          {
            "url": "value",
            "valueString": "true"
          }
        ],
        "url": "http://hl7.org/fhir/tools/StructureDefinition/ig-parameter"
      },
      {
        "extension": [
          {
            "url": "code",
            "valueString": "apply-license"
          },
          {
            "url": "value",
            "valueString": "true"
          }
        ],
        "url": "http://hl7.org/fhir/tools/StructureDefinition/ig-parameter"
      },
      {
        "extension": [
          {
            "url": "code",
            "valueString": "apply-publisher"
          },
          {
            "url": "value",
            "valueString": "true"
          }
        ],
        "url": "http://hl7.org/fhir/tools/StructureDefinition/ig-parameter"
      },
      {
        "extension": [
          {
            "url": "code",
            "valueString": "apply-version"
          },
          {
            "url": "value",
            "valueString": "true"
          }
        ],
        "url": "http://hl7.org/fhir/tools/StructureDefinition/ig-parameter"
      },
      {
        "extension": [
          {
            "url": "code",
            "valueString": "active-tables"
          },
          {
            "url": "value",
            "valueString": "true"
          }
        ],
        "url": "http://hl7.org/fhir/tools/StructureDefinition/ig-parameter"
      }
    ],
    "resource": [
      {
        "extension": [
          {
            "url": "http://hl7.org/fhir/tools/StructureDefinition/resource-information",
            "valueString": "Bundle"
          },
          {
            "url": "http://hl7.org/fhir/StructureDefinition/implementationguide-page",
            "valueUri": "Bundle-53ef12a3-1e31-4fc1-adf6-9d30dc6c4784.html"
          }
        ],
        "reference": {
          "reference": "Bundle/53ef12a3-1e31-4fc1-adf6-9d30dc6c4784"
        },
        "name": "Example Bundle - 53ef12a3-1e31-4fc1-adf6-9d30dc6c4784",
        "exampleCanonical": "https://fhir.bbmri.de/StructureDefinition/BodyHeight"
      },
      {
        "extension": [
          {
            "url": "http://hl7.org/fhir/tools/StructureDefinition/resource-information",
            "valueString": "Organization"
          },
          {
            "url": "http://hl7.org/fhir/StructureDefinition/implementationguide-page",
            "valueUri": "Organization-exampleCollection.html"
          }
        ],
        "reference": {
          "reference": "Organization/exampleCollection"
        },
        "name": "Example Organization - exampleCollection",
        "exampleCanonical": "https://fhir.bbmri.de/StructureDefinition/Collection"
      },
      {
        "extension": [
          {
            "url": "http://hl7.org/fhir/tools/StructureDefinition/resource-information",
            "valueString": "Specimen"
          },
          {
            "url": "http://hl7.org/fhir/StructureDefinition/implementationguide-page",
            "valueUri": "Specimen-0-specimen.html"
          }
        ],
        "reference": {
          "reference": "Specimen/0-specimen"
        },
        "name": "Example Specimen - 0-specimen",
        "exampleCanonical": "https://fhir.bbmri.de/StructureDefinition/Specimen"
      },
      {
        "extension": [
          {
            "url": "http://hl7.org/fhir/tools/StructureDefinition/resource-information",
            "valueString": "OrganizationAffiliation"
          },
          {
            "url": "http://hl7.org/fhir/StructureDefinition/implementationguide-page",
            "valueUri": "OrganizationAffiliation-example.html"
          }
        ],
        "reference": {
          "reference": "OrganizationAffiliation/example"
        }
      },
      {
        "extension": [
          {
            "url": "http://hl7.org/fhir/tools/StructureDefinition/resource-information",
            "valueString": "Observation"
          },
          {
            "url": "http://hl7.org/fhir/StructureDefinition/implementationguide-page",
            "valueUri": "Observation-0-body-weight.html"
          }
        ],
        "reference": {
          "reference": "Observation/0-body-weight"
        },
        "name": "Example Observation - 0-body-weight",
        "exampleCanonical": "https://fhir.bbmri.de/StructureDefinition/BodyWeight"
      },
      {
        "extension": [
          {
            "url": "http://hl7.org/fhir/tools/StructureDefinition/resource-information",
            "valueString": "Organization"
          },
          {
            "url": "http://hl7.org/fhir/StructureDefinition/implementationguide-page",
            "valueUri": "Organization-exampleBiobank.html"
          }
        ],
        "reference": {
          "reference": "Organization/exampleBiobank"
        },
        "name": "Example Organization - exampleBiobank",
        "exampleCanonical": "https://fhir.bbmri.de/StructureDefinition/Biobank"
      },
      {
        "extension": [
          {
            "url": "http://hl7.org/fhir/tools/StructureDefinition/resource-information",
            "valueString": "Observation"
          },
          {
            "url": "http://hl7.org/fhir/StructureDefinition/implementationguide-page",
            "valueUri": "Observation-0-tobacco-use.html"
          }
        ],
        "reference": {
          "reference": "Observation/0-tobacco-use"
        },
        "name": "Example Observation - 0-tobacco-use",
        "exampleCanonical": "https://fhir.bbmri.de/StructureDefinition/TobaccoUse"
      },
      {
        "extension": [
          {
            "url": "http://hl7.org/fhir/tools/StructureDefinition/resource-information",
            "valueString": "Observation"
          },
          {
            "url": "http://hl7.org/fhir/StructureDefinition/implementationguide-page",
            "valueUri": "Observation-0-body-height.html"
          }
        ],
        "reference": {
          "reference": "Observation/0-body-height"
        },
        "name": "Example Observation - 0-body-height",
        "exampleCanonical": "https://fhir.bbmri.de/StructureDefinition/BodyHeight"
      },
      {
        "extension": [
          {
            "url": "http://hl7.org/fhir/tools/StructureDefinition/resource-information",
            "valueString": "Organization"
          },
          {
            "url": "http://hl7.org/fhir/StructureDefinition/implementationguide-page",
            "valueUri": "Organization-exampleCollectionRD.html"
          }
        ],
        "reference": {
          "reference": "Organization/exampleCollectionRD"
        },
        "name": "Example Organization - exampleCollectionRD",
        "exampleCanonical": "https://fhir.bbmri.de/StructureDefinition/Collection"
      },
      {
        "extension": [
          {
            "url": "http://hl7.org/fhir/tools/StructureDefinition/resource-information",
            "valueString": "Patient"
          },
          {
            "url": "http://hl7.org/fhir/StructureDefinition/implementationguide-page",
            "valueUri": "Patient-0.html"
          }
        ],
        "reference": {
          "reference": "Patient/0"
        },
        "name": "Example Patient - 0",
        "exampleCanonical": "https://fhir.bbmri.de/StructureDefinition/Patient"
      },
      {
        "extension": [
          {
            "url": "http://hl7.org/fhir/tools/StructureDefinition/resource-information",
            "valueString": "Observation"
          },
          {
            "url": "http://hl7.org/fhir/StructureDefinition/implementationguide-page",
            "valueUri": "Observation-0-bmi.html"
          }
        ],
        "reference": {
          "reference": "Observation/0-bmi"
        },
        "name": "Example Observation - 0-bmi",
        "exampleCanonical": "https://fhir.bbmri.de/StructureDefinition/Bmi"
      },
      {
        "extension": [
          {
            "url": "http://hl7.org/fhir/tools/StructureDefinition/resource-information",
            "valueString": "StructureDefinition:resource"
          },
          {
            "url": "http://hl7.org/fhir/StructureDefinition/implementationguide-page",
            "valueUri": "StructureDefinition-Biobank.html"
          }
        ],
        "reference": {
          "reference": "StructureDefinition/Biobank"
        }
      },
      {
        "extension": [
          {
            "url": "http://hl7.org/fhir/tools/StructureDefinition/resource-information",
            "valueString": "StructureDefinition:resource"
          },
          {
            "url": "http://hl7.org/fhir/StructureDefinition/implementationguide-page",
            "valueUri": "StructureDefinition-BodyWeight.html"
          }
        ],
        "reference": {
          "reference": "StructureDefinition/BodyWeight"
        }
      },
      {
        "extension": [
          {
            "url": "http://hl7.org/fhir/tools/StructureDefinition/resource-information",
            "valueString": "StructureDefinition:extension"
          },
          {
            "url": "http://hl7.org/fhir/StructureDefinition/implementationguide-page",
            "valueUri": "StructureDefinition-BioresourceReference.html"
          }
        ],
        "reference": {
          "reference": "StructureDefinition/BioresourceReference"
        }
      },
      {
        "extension": [
          {
            "url": "http://hl7.org/fhir/tools/StructureDefinition/resource-information",
            "valueString": "StructureDefinition:resource"
          },
          {
            "url": "http://hl7.org/fhir/StructureDefinition/implementationguide-page",
            "valueUri": "StructureDefinition-NetworkMembership.html"
          }
        ],
        "reference": {
          "reference": "StructureDefinition/NetworkMembership"
        },
        "description": "Resource representing the membership of a biobank in a biobank network"
      },
      {
        "extension": [
          {
            "url": "http://hl7.org/fhir/tools/StructureDefinition/resource-information",
            "valueString": "StructureDefinition:extension"
          },
          {
            "url": "http://hl7.org/fhir/StructureDefinition/implementationguide-page",
            "valueUri": "StructureDefinition-OrganizationDescription.html"
          }
        ],
        "reference": {
          "reference": "StructureDefinition/OrganizationDescription"
        },
        "description": "Description of the organization in English"
      },
      {
        "extension": [
          {
            "url": "http://hl7.org/fhir/tools/StructureDefinition/resource-information",
            "valueString": "CodeSystem"
          },
          {
            "url": "http://hl7.org/fhir/StructureDefinition/implementationguide-page",
            "valueUri": "CodeSystem-ContactType.html"
          }
        ],
        "reference": {
          "reference": "CodeSystem/ContactType"
        },
        "name": "Contact Type"
      },
      {
        "extension": [
          {
            "url": "http://hl7.org/fhir/tools/StructureDefinition/resource-information",
            "valueString": "StructureDefinition:resource"
          },
          {
            "url": "http://hl7.org/fhir/StructureDefinition/implementationguide-page",
            "valueUri": "StructureDefinition-BodyHeight.html"
          }
        ],
        "reference": {
          "reference": "StructureDefinition/BodyHeight"
        }
      },
      {
        "extension": [
          {
            "url": "http://hl7.org/fhir/tools/StructureDefinition/resource-information",
            "valueString": "StructureDefinition:resource"
          },
          {
            "url": "http://hl7.org/fhir/StructureDefinition/implementationguide-page",
            "valueUri": "StructureDefinition-Bmi.html"
          }
        ],
        "reference": {
          "reference": "StructureDefinition/Bmi"
        }
      },
      {
        "extension": [
          {
            "url": "http://hl7.org/fhir/tools/StructureDefinition/resource-information",
            "valueString": "ValueSet"
          },
          {
            "url": "http://hl7.org/fhir/StructureDefinition/implementationguide-page",
            "valueUri": "ValueSet-SampleMaterialType.html"
          }
        ],
        "reference": {
          "reference": "ValueSet/SampleMaterialType"
        },
        "name": "Sample Material Type"
      },
      {
        "extension": [
          {
            "url": "http://hl7.org/fhir/tools/StructureDefinition/resource-information",
            "valueString": "StructureDefinition:extension"
          },
          {
            "url": "http://hl7.org/fhir/StructureDefinition/implementationguide-page",
            "valueUri": "StructureDefinition-CollectionType.html"
          }
        ],
        "reference": {
          "reference": "StructureDefinition/CollectionType"
        },
        "description": "The type of sample collections governed by the Organization."
      },
      {
        "extension": [
          {
            "url": "http://hl7.org/fhir/tools/StructureDefinition/resource-information",
            "valueString": "ValueSet"
          },
          {
            "url": "http://hl7.org/fhir/StructureDefinition/implementationguide-page",
            "valueUri": "ValueSet-CollectionType.html"
          }
        ],
        "reference": {
          "reference": "ValueSet/CollectionType"
        },
        "name": "Collection Type"
      },
      {
        "extension": [
          {
            "url": "http://hl7.org/fhir/tools/StructureDefinition/resource-information",
            "valueString": "StructureDefinition:extension"
          },
          {
            "url": "http://hl7.org/fhir/StructureDefinition/implementationguide-page",
            "valueUri": "StructureDefinition-Custodian.html"
          }
        ],
        "reference": {
          "reference": "StructureDefinition/Custodian"
        }
      },
      {
        "extension": [
          {
            "url": "http://hl7.org/fhir/tools/StructureDefinition/resource-information",
            "valueString": "StructureDefinition:resource"
          },
          {
            "url": "http://hl7.org/fhir/StructureDefinition/implementationguide-page",
            "valueUri": "StructureDefinition-TobaccoUse.html"
          }
        ],
        "reference": {
          "reference": "StructureDefinition/TobaccoUse"
        }
      },
      {
        "extension": [
          {
            "url": "http://hl7.org/fhir/tools/StructureDefinition/resource-information",
            "valueString": "CodeSystem"
          },
          {
            "url": "http://hl7.org/fhir/StructureDefinition/implementationguide-page",
            "valueUri": "CodeSystem-ResourceType.html"
          }
        ],
        "reference": {
          "reference": "CodeSystem/ResourceType"
        },
        "name": "Resource Type",
        "description": "Types of resources that may be governed by a biobank or its collections"
      },
      {
        "extension": [
          {
            "url": "http://hl7.org/fhir/tools/StructureDefinition/resource-information",
            "valueString": "ValueSet"
          },
          {
            "url": "http://hl7.org/fhir/StructureDefinition/implementationguide-page",
            "valueUri": "ValueSet-ResourceType.html"
          }
        ],
        "reference": {
          "reference": "ValueSet/ResourceType"
        },
        "name": "Resource Type"
      },
      {
        "extension": [
          {
            "url": "http://hl7.org/fhir/tools/StructureDefinition/resource-information",
            "valueString": "StructureDefinition:resource"
          },
          {
            "url": "http://hl7.org/fhir/StructureDefinition/implementationguide-page",
            "valueUri": "StructureDefinition-Specimen.html"
          }
        ],
        "reference": {
          "reference": "StructureDefinition/Specimen"
        }
      },
      {
        "extension": [
          {
            "url": "http://hl7.org/fhir/tools/StructureDefinition/resource-information",
            "valueString": "CodeSystem"
          },
          {
            "url": "http://hl7.org/fhir/StructureDefinition/implementationguide-page",
            "valueUri": "CodeSystem-DataCategory.html"
          }
        ],
        "reference": {
          "reference": "CodeSystem/DataCategory"
        },
        "name": "Data Category"
      },
      {
        "extension": [
          {
            "url": "http://hl7.org/fhir/tools/StructureDefinition/resource-information",
            "valueString": "CodeSystem"
          },
          {
            "url": "http://hl7.org/fhir/StructureDefinition/implementationguide-page",
            "valueUri": "CodeSystem-QualityStandard.html"
          }
        ],
        "reference": {
          "reference": "CodeSystem/QualityStandard"
        },
        "name": "Quality Standard"
      },
      {
        "extension": [
          {
            "url": "http://hl7.org/fhir/tools/StructureDefinition/resource-information",
            "valueString": "StructureDefinition:resource"
          },
          {
            "url": "http://hl7.org/fhir/StructureDefinition/implementationguide-page",
            "valueUri": "StructureDefinition-Collection.html"
          }
        ],
        "reference": {
          "reference": "StructureDefinition/Collection"
        }
      },
      {
        "extension": [
          {
            "url": "http://hl7.org/fhir/tools/StructureDefinition/resource-information",
            "valueString": "StructureDefinition:extension"
          },
          {
            "url": "http://hl7.org/fhir/StructureDefinition/implementationguide-page",
            "valueUri": "StructureDefinition-Collaboration.html"
          }
        ],
        "reference": {
          "reference": "StructureDefinition/Collaboration"
        }
      },
      {
        "extension": [
          {
            "url": "http://hl7.org/fhir/tools/StructureDefinition/resource-information",
            "valueString": "CodeSystem"
          },
          {
            "url": "http://hl7.org/fhir/StructureDefinition/implementationguide-page",
            "valueUri": "CodeSystem-StorageTemperature.html"
          }
        ],
        "reference": {
          "reference": "CodeSystem/StorageTemperature"
        },
        "name": "Storage Temperature"
      },
      {
        "extension": [
          {
            "url": "http://hl7.org/fhir/tools/StructureDefinition/resource-information",
            "valueString": "ValueSet"
          },
          {
            "url": "http://hl7.org/fhir/StructureDefinition/implementationguide-page",
            "valueUri": "ValueSet-OtherSampleDiagnosis.html"
          }
        ],
        "reference": {
          "reference": "ValueSet/OtherSampleDiagnosis"
        },
        "name": "other sample diagnosis"
      },
      {
        "extension": [
          {
            "url": "http://hl7.org/fhir/tools/StructureDefinition/resource-information",
            "valueString": "StructureDefinition:extension"
          },
          {
            "url": "http://hl7.org/fhir/StructureDefinition/implementationguide-page",
            "valueUri": "StructureDefinition-QualityStandard.html"
          }
        ],
        "reference": {
          "reference": "StructureDefinition/QualityStandard"
        },
        "description": "Organization quality assessment"
      },
      {
        "extension": [
          {
            "url": "http://hl7.org/fhir/tools/StructureDefinition/resource-information",
            "valueString": "StructureDefinition:extension"
          },
          {
            "url": "http://hl7.org/fhir/StructureDefinition/implementationguide-page",
            "valueUri": "StructureDefinition-PartnerCharterSigned.html"
          }
        ],
        "reference": {
          "reference": "StructureDefinition/PartnerCharterSigned"
        }
      },
      {
        "extension": [
          {
            "url": "http://hl7.org/fhir/tools/StructureDefinition/resource-information",
            "valueString": "StructureDefinition:resource"
          },
          {
            "url": "http://hl7.org/fhir/StructureDefinition/implementationguide-page",
            "valueUri": "StructureDefinition-CauseOfDeath.html"
          }
        ],
        "reference": {
          "reference": "StructureDefinition/CauseOfDeath"
        }
      },
      {
        "extension": [
          {
            "url": "http://hl7.org/fhir/tools/StructureDefinition/resource-information",
            "valueString": "StructureDefinition:extension"
          },
          {
            "url": "http://hl7.org/fhir/StructureDefinition/implementationguide-page",
            "valueUri": "StructureDefinition-Capabilities.html"
          }
        ],
        "reference": {
          "reference": "StructureDefinition/Capabilities"
        }
      },
      {
        "extension": [
          {
            "url": "http://hl7.org/fhir/tools/StructureDefinition/resource-information",
            "valueString": "ValueSet"
          },
          {
            "url": "http://hl7.org/fhir/StructureDefinition/implementationguide-page",
            "valueUri": "ValueSet-QualityStandard.html"
          }
        ],
        "reference": {
          "reference": "ValueSet/QualityStandard"
        },
        "name": "Quality Standard"
      },
      {
        "extension": [
          {
            "url": "http://hl7.org/fhir/tools/StructureDefinition/resource-information",
            "valueString": "CodeSystem"
          },
          {
            "url": "http://hl7.org/fhir/StructureDefinition/implementationguide-page",
            "valueUri": "CodeSystem-OtherSampleDiagnosis.html"
          }
        ],
        "reference": {
          "reference": "CodeSystem/OtherSampleDiagnosis"
        },
        "name": "Other Sample Diagnosis",
        "description": "Contains the additional (not contained in ICD-10) codes needed for coding the MIABIS Sample Diagnosis plus a non-MIABIS code for indicating tumor material without a specific diagnosis."
      },
      {
        "extension": [
          {
            "url": "http://hl7.org/fhir/tools/StructureDefinition/resource-information",
            "valueString": "ValueSet"
          },
          {
            "url": "http://hl7.org/fhir/StructureDefinition/implementationguide-page",
            "valueUri": "ValueSet-StorageTemperature.html"
          }
        ],
        "reference": {
          "reference": "ValueSet/StorageTemperature"
        },
        "name": "Storage Temperature"
      },
      {
        "extension": [
          {
            "url": "http://hl7.org/fhir/tools/StructureDefinition/resource-information",
            "valueString": "StructureDefinition:resource"
          },
          {
            "url": "http://hl7.org/fhir/StructureDefinition/implementationguide-page",
            "valueUri": "StructureDefinition-Patient.html"
          }
        ],
        "reference": {
          "reference": "StructureDefinition/Patient"
        },
        "description": "Resoure representing a sample donor"
      },
      {
        "extension": [
          {
            "url": "http://hl7.org/fhir/tools/StructureDefinition/resource-information",
            "valueString": "StructureDefinition:extension"
          },
          {
            "url": "http://hl7.org/fhir/StructureDefinition/implementationguide-page",
            "valueUri": "StructureDefinition-DataCategory.html"
          }
        ],
        "reference": {
          "reference": "StructureDefinition/DataCategory"
        },
        "description": "The categories of data that are available as part of the collection"
      },
      {
        "extension": [
          {
            "url": "http://hl7.org/fhir/tools/StructureDefinition/resource-information",
            "valueString": "StructureDefinition:extension"
          },
          {
            "url": "http://hl7.org/fhir/StructureDefinition/implementationguide-page",
            "valueUri": "StructureDefinition-SampleDiagnosis.html"
          }
        ],
        "reference": {
          "reference": "StructureDefinition/SampleDiagnosis"
        }
      },
      {
        "extension": [
          {
            "url": "http://hl7.org/fhir/tools/StructureDefinition/resource-information",
            "valueString": "StructureDefinition:extension"
          },
          {
            "url": "http://hl7.org/fhir/StructureDefinition/implementationguide-page",
            "valueUri": "StructureDefinition-AccessPolicy.html"
          }
        ],
        "reference": {
          "reference": "StructureDefinition/AccessPolicy"
        }
      },
      {
        "extension": [
          {
            "url": "http://hl7.org/fhir/tools/StructureDefinition/resource-information",
            "valueString": "StructureDefinition:extension"
          },
          {
            "url": "http://hl7.org/fhir/StructureDefinition/implementationguide-page",
            "valueUri": "StructureDefinition-StorageTemperature.html"
          }
        ],
        "reference": {
          "reference": "StructureDefinition/StorageTemperature"
        }
      },
      {
        "extension": [
          {
            "url": "http://hl7.org/fhir/tools/StructureDefinition/resource-information",
            "valueString": "CodeSystem"
          },
          {
            "url": "http://hl7.org/fhir/StructureDefinition/implementationguide-page",
            "valueUri": "CodeSystem-BiobankCapabilities.html"
          }
        ],
        "reference": {
          "reference": "CodeSystem/BiobankCapabilities"
        },
        "name": "Biobank Capabilities"
      },
      {
        "extension": [
          {
            "url": "http://hl7.org/fhir/tools/StructureDefinition/resource-information",
            "valueString": "ValueSet"
          },
          {
            "url": "http://hl7.org/fhir/StructureDefinition/implementationguide-page",
            "valueUri": "ValueSet-BiobankCapabilities.html"
          }
        ],
        "reference": {
          "reference": "ValueSet/BiobankCapabilities"
        },
        "name": "Biobank Capabilities"
      },
      {
        "extension": [
          {
            "url": "http://hl7.org/fhir/tools/StructureDefinition/resource-information",
            "valueString": "CodeSystem"
          },
          {
            "url": "http://hl7.org/fhir/StructureDefinition/implementationguide-page",
            "valueUri": "CodeSystem-SampleMaterialType.html"
          }
        ],
        "reference": {
          "reference": "CodeSystem/SampleMaterialType"
        },
        "name": "Sample Material Type",
        "description": "The type of material the sample consists of."
      },
      {
        "extension": [
          {
            "url": "http://hl7.org/fhir/tools/StructureDefinition/resource-information",
            "valueString": "StructureDefinition:extension"
          },
          {
            "url": "http://hl7.org/fhir/StructureDefinition/implementationguide-page",
            "valueUri": "StructureDefinition-JuridicalPerson.html"
          }
        ],
        "reference": {
          "reference": "StructureDefinition/JuridicalPerson"
        },
        "description": "Name of the legal entity of the organization"
      },
      {
        "extension": [
          {
            "url": "http://hl7.org/fhir/tools/StructureDefinition/resource-information",
            "valueString": "StructureDefinition:extension"
          },
          {
            "url": "http://hl7.org/fhir/StructureDefinition/implementationguide-page",
            "valueUri": "StructureDefinition-ParentCollection.html"
          }
        ],
        "reference": {
          "reference": "StructureDefinition/ParentCollection"
        }
      },
      {
        "extension": [
          {
            "url": "http://hl7.org/fhir/tools/StructureDefinition/resource-information",
            "valueString": "StructureDefinition:resource"
          },
          {
            "url": "http://hl7.org/fhir/StructureDefinition/implementationguide-page",
            "valueUri": "StructureDefinition-Condition.html"
          }
        ],
        "reference": {
          "reference": "StructureDefinition/Condition"
        }
      },
      {
        "extension": [
          {
            "url": "http://hl7.org/fhir/tools/StructureDefinition/resource-information",
            "valueString": "CodeSystem"
          },
          {
            "url": "http://hl7.org/fhir/StructureDefinition/implementationguide-page",
            "valueUri": "CodeSystem-CollectionType.html"
          }
        ],
        "reference": {
          "reference": "CodeSystem/CollectionType"
        },
        "name": "Collection Type"
      },
      {
        "extension": [
          {
            "url": "http://hl7.org/fhir/tools/StructureDefinition/resource-information",
            "valueString": "StructureDefinition:extension"
          },
          {
            "url": "http://hl7.org/fhir/StructureDefinition/implementationguide-page",
            "valueUri": "StructureDefinition-ContactRole.html"
          }
        ],
        "reference": {
          "reference": "StructureDefinition/ContactRole"
        }
      },
      {
        "extension": [
          {
            "url": "http://hl7.org/fhir/tools/StructureDefinition/resource-information",
            "valueString": "StructureDefinition:extension"
          },
          {
            "url": "http://hl7.org/fhir/StructureDefinition/implementationguide-page",
            "valueUri": "StructureDefinition-ITSupport.html"
          }
        ],
        "reference": {
          "reference": "StructureDefinition/ITSupport"
        }
      },
      {
        "extension": [
          {
            "url": "http://hl7.org/fhir/tools/StructureDefinition/resource-information",
            "valueString": "StructureDefinition:extension"
          },
          {
            "url": "http://hl7.org/fhir/StructureDefinition/implementationguide-page",
            "valueUri": "StructureDefinition-ResourceManagement.html"
          }
        ],
        "reference": {
          "reference": "StructureDefinition/ResourceManagement"
        }
      },
      {
        "extension": [
          {
            "url": "http://hl7.org/fhir/tools/StructureDefinition/resource-information",
            "valueString": "StructureDefinition:extension"
          },
          {
            "url": "http://hl7.org/fhir/StructureDefinition/implementationguide-page",
            "valueUri": "StructureDefinition-IdCard.html"
          }
        ],
        "reference": {
          "reference": "StructureDefinition/IdCard"
        }
      },
      {
        "extension": [
          {
            "url": "http://hl7.org/fhir/tools/StructureDefinition/resource-information",
            "valueString": "ValueSet"
          },
          {
            "url": "http://hl7.org/fhir/StructureDefinition/implementationguide-page",
            "valueUri": "ValueSet-DataCategory.html"
          }
        ],
        "reference": {
          "reference": "ValueSet/DataCategory"
        },
        "name": "Data Category"
      }
    ],
    "page": {
      "nameUrl": "toc.html",
      "title": "Table of Contents",
      "generation": "html",
      "page": [
        {
          "nameUrl": "index.html",
          "title": "MyIG Home Page",
          "generation": "html"
        },
        {
          "nameUrl": "overview.html",
          "title": "Overview",
          "generation": "markdown"
        },
        {
          "nameUrl": "spec.html",
          "title": "Detailed Specification",
          "generation": "markdown"
        },
        {
          "nameUrl": "mappings.html",
          "title": "Mappings",
          "generation": "markdown"
        },
        {
          "nameUrl": "referencedIGs.html",
          "title": "Referenced IGs",
          "generation": "markdown"
        },
        {
          "nameUrl": "downloads.html",
          "title": "Useful Downloads",
          "generation": "html"
        },
        {
          "nameUrl": "changes.html",
          "title": "IG Change History",
          "generation": "html"
        }
      ]
    },
    "parameter": [
      {
        "code": "path-resource",
        "value": "input/capabilities"
      },
      {
        "code": "path-resource",
        "value": "input/examples"
      },
      {
        "code": "path-resource",
        "value": "input/extensions"
      },
      {
        "code": "path-resource",
        "value": "input/models"
      },
      {
        "code": "path-resource",
        "value": "input/operations"
      },
      {
        "code": "path-resource",
        "value": "input/profiles"
      },
      {
        "code": "path-resource",
        "value": "input/resources"
      },
      {
        "code": "path-resource",
        "value": "input/vocabulary"
      },
      {
        "code": "path-resource",
        "value": "input/maps"
      },
      {
        "code": "path-pages",
        "value": "template/config"
      },
      {
        "code": "path-pages",
        "value": "input/images"
      },
      {
        "code": "path-tx-cache",
        "value": "input-cache/txcache"
      }
    ]
  }
}