{
  "resourceType" : "Observation",
  "id" : "0-tobacco-use",
  "meta" : {
    "profile" : ["https://fhir.bbmri.de/StructureDefinition/TobaccoUse"]
  },
  "text" : {
    "status" : "generated",
    "div" : "<div xmlns=\"http://www.w3.org/1999/xhtml\"><p><b>Generated Narrative: Observation</b><a name=\"0-tobacco-use\"> </a></p><div style=\"display: inline-block; background-color: #d9e0e7; padding: 6px; margin: 4px; border: 1px solid #8da1b4; border-radius: 5px; line-height: 60%\"><p style=\"margin-bottom: 0px\">Resource Observation &quot;0-tobacco-use&quot; </p><p style=\"margin-bottom: 0px\">Profile: <a href=\"StructureDefinition-TobaccoUse.html\">TobaccoUse</a></p></div><p><b>status</b>: final</p><p><b>code</b>: Tobacco smoking status <span style=\"background: LightGoldenRodYellow; margin: 4px; border: 1px solid khaki\"> (<a href=\"https://loinc.org/\">LOINC</a>#72166-2)</span></p><p><b>subject</b>: <a href=\"Patient-0.html\">Patient/0</a></p><p><b>effective</b>: 2005-06-17</p><p><b>value</b>: Current some day smoker <span style=\"background: LightGoldenRodYellow; margin: 4px; border: 1px solid khaki\"> (<a href=\"https://loinc.org/\">LOINC</a>#LA18977-1)</span></p></div>"
  },
  "status" : "final",
  "code" : {
    "coding" : [{
      "system" : "http://loinc.org",
      "code" : "72166-2"
    }]
  },
  "subject" : {
    "reference" : "Patient/0"
  },
  "effectiveDateTime" : "2005-06-17",
  "valueCodeableConcept" : {
    "coding" : [{
      "system" : "http://loinc.org",
      "code" : "LA18977-1"
    }]
  }
}