{
  "resourceType": "Observation",
  "id": "0-body-weight",
  "meta": {
    "profile": [
      "https://fhir.bbmri.de/StructureDefinition/BodyWeight"
    ]
  },
  "text": {
    "status": "generated",
    "div": "<div xmlns=\"http://www.w3.org/1999/xhtml\"><p><b>Generated Narrative</b></p><p><b>id</b>: 0-body-weight</p><p><b>meta</b>: </p><p></p><p><b>category</b>: <span title=\"Codes: {http://terminology.hl7.org/CodeSystem/observation-category vital-signs}\">Vital Signs</span></p><p><b>code</b>: <span title=\"Codes: {http://loinc.org 29463-7}\">Body weight</span></p><p><b>subject</b>: <a href=\"Patient-0.html\">Generated Summary: id: 0; gender: male; birthDate: 1989-11-18; deceased: Jan 27, 2009, 12:00:00 AM</a></p><p><b>effective</b>: Jun 17, 2005, 12:00:00 AM</p><p><b>value</b>: 144.67073319145982 kg</p></div>"
  },
  "status": "final",
  "category": [
    {
      "coding": [
        {
          "system": "http://terminology.hl7.org/CodeSystem/observation-category",
          "code": "vital-signs"
        }
      ]
    }
  ],
  "code": {
    "coding": [
      {
        "system": "http://loinc.org",
        "code": "29463-7"
      }
    ]
  },
  "subject": {
    "reference": "Patient/0"
  },
  "effectiveDateTime": "2005-06-17",
  "valueQuantity": {
    "value": 144.67073319145982,
    "unit": "kg",
    "system": "http://unitsofmeasure.org",
    "code": "kg"
  }
}