{
  "resourceType" : "Observation",
  "id" : "0-body-height",
  "meta" : {
    "profile" : ["https://fhir.bbmri.de/StructureDefinition/BodyHeight"]
  },
  "text" : {
    "status" : "generated",
    "div" : "<div xmlns=\"http://www.w3.org/1999/xhtml\"><p><b>Generated Narrative: Observation</b><a name=\"0-body-height\"> </a></p><div style=\"display: inline-block; background-color: #d9e0e7; padding: 6px; margin: 4px; border: 1px solid #8da1b4; border-radius: 5px; line-height: 60%\"><p style=\"margin-bottom: 0px\">Resource Observation &quot;0-body-height&quot; </p><p style=\"margin-bottom: 0px\">Profile: <a href=\"StructureDefinition-BodyHeight.html\">Body Height</a></p></div><p><b>status</b>: final</p><p><b>category</b>: Vital Signs <span style=\"background: LightGoldenRodYellow; margin: 4px; border: 1px solid khaki\"> (<a href=\"http://terminology.hl7.org/5.0.0/CodeSystem-observation-category.html\">Observation Category Codes</a>#vital-signs)</span></p><p><b>code</b>: Body height <span style=\"background: LightGoldenRodYellow; margin: 4px; border: 1px solid khaki\"> (<a href=\"https://loinc.org/\">LOINC</a>#8302-2)</span></p><p><b>subject</b>: <a href=\"Patient-0.html\">Patient/0</a></p><p><b>effective</b>: 2005-06-17</p><p><b>value</b>: 198.58 cm<span style=\"background: LightGoldenRodYellow\"> (Details: UCUM code cm = 'cm')</span></p></div>"
  },
  "status" : "final",
  "category" : [{
    "coding" : [{
      "system" : "http://terminology.hl7.org/CodeSystem/observation-category",
      "code" : "vital-signs"
    }]
  }],
  "code" : {
    "coding" : [{
      "system" : "http://loinc.org",
      "code" : "8302-2"
    }]
  },
  "subject" : {
    "reference" : "Patient/0"
  },
  "effectiveDateTime" : "2005-06-17",
  "valueQuantity" : {
    "value" : 198.58,
    "unit" : "cm",
    "system" : "http://unitsofmeasure.org",
    "code" : "cm"
  }
}