{
  "resourceType": "Specimen",
  "id": "0-specimen",
  "meta": {
    "profile": [
      "https://fhir.bbmri.de/StructureDefinition/Specimen"
    ]
  },
  "text": {
    "status": "generated",
    "div": "<div xmlns=\"http://www.w3.org/1999/xhtml\"><p><b>Generated Narrative with Details</b></p><p><b>id</b>: 0-specimen</p><p><b>meta</b>: </p><p><b>type</b>: Whole blood <span style=\"background: LightGoldenRodYellow\">(Details : {https://fhir.bbmri.de/CodeSystem/SampleMaterialType code 'whole-blood' = 'Whole blood)</span></p><p><b>subject</b>: <a href=\"Patient-0.html\">Generated Summary: id: 0; gender: male; birthDate: 1989-11-18; deceased: Jan 27, 2009, 12:00:00 AM</a></p><h3>Collections</h3><table class=\"grid\"><tr><td>-</td><td><b>Collected[x]</b></td><td><b>BodySite</b></td><td><b>FastingStatus[x]</b></td></tr><tr><td>*</td><td>Jun 17, 2005, 12:00:00 AM</td><td>C26.8 <span style=\"background: LightGoldenRodYellow\">(Details : {urn:oid:1.3.6.1.4.1.19376.1.3.11.36 code 'C26.8' = 'C26.8)</span></td><td>The patient indicated they did not fast prior to the procedure. <span style=\"background: LightGoldenRodYellow\">(Details : {http://terminology.hl7.org/CodeSystem/v2-0916 code 'NF' = 'The patient indicated they did not fast prior to the procedure.)</span></td></tr></table></div>"
  },
  "extension": [
    {
      "url": "https://fhir.bbmri.de/StructureDefinition/StorageTemperature",
      "valueCodeableConcept": {
        "coding": [
          {
            "system": "https://fhir.bbmri.de/CodeSystem/StorageTemperature",
            "code": "temperature2to10"
          }
        ]
      }
    },
    {
      "url": "https://fhir.bbmri.de/StructureDefinition/Custodian",
      "valueReference": {
        "reference": "Organization/exampleCollection"
      }
    },
    {
      "url": "https://fhir.bbmri.de/StructureDefinition/SampleDiagnosis",
      "valueCodeableConcept": {
        "coding": [
          {
            "system": "https://fhir.bbmri.de/CodeSystem/OtherSampleDiagnosis",
            "code": "unknown"
          }
        ]
      }
    }
  ],
  "type": {
    "coding": [
      {
        "system": "https://fhir.bbmri.de/CodeSystem/SampleMaterialType",
        "code": "whole-blood"
      }
    ]
  },
  "subject": {
    "reference": "Patient/0"
  },
  "collection": {
    "collectedDateTime": "2005-06-17",
    "bodySite": {
      "coding": [
        {
          "system": "urn:oid:1.3.6.1.4.1.19376.1.3.11.36",
          "code": "C26.8"
        }
      ]
    },
    "fastingStatusCodeableConcept": {
      "coding": [
        {
          "system": "http://terminology.hl7.org/CodeSystem/v2-0916",
          "code": "NF"
        }
      ]
    }
  }
}