{
  "resourceType": "ValueSet",
  "id": "ResourceType",
  "text": {
    "status": "generated",
    "div": "<div xmlns=\"http://www.w3.org/1999/xhtml\"><h2>Resource Type</h2><ul><li>Include all codes defined in <a href=\"CodeSystem-ResourceType.html\"><code>https://fhir.bbmri.de/CodeSystem/ResourceType</code></a></li></ul></div>"
  },
  "url": "https://fhir.bbmri.de/ValueSet/ResourceType",
  "version": "1.0.1",
  "name": "ResourceType",
  "title": "Resource Type",
  "status": "active",
  "date": "2020-05-08T11:20:22+00:00",
  "publisher": "BBMRI.de",
  "contact": [
    {
      "telecom": [
        {
          "system": "url",
          "value": "https://www.bbmri.de"
        },
        {
          "system": "email",
          "value": "feedback@germanbiobanknode.de"
        }
      ]
    }
  ],
  "compose": {
    "include": [
      {
        "system": "https://fhir.bbmri.de/CodeSystem/ResourceType"
      }
    ]
  }
}