{
  "resourceType" : "ValueSet",
  "id" : "CollectionType",
  "text" : {
    "status" : "generated",
    "div" : "<div xmlns=\"http://www.w3.org/1999/xhtml\">Placeholder</div>"
  },
  "url" : "https://fhir.bbmri.de/ValueSet/CollectionType",
  "version" : "1.2.0",
  "name" : "CollectionType",
  "title" : "Collection Type",
  "status" : "active",
  "date" : "2023-09-01T08:46:52+00:00",
  "publisher" : "bbmri.de",
  "contact" : [{
    "name" : "bbmri.de",
    "telecom" : [{
      "system" : "url",
      "value" : "bbmri.de"
    },
    {
      "system" : "email",
      "value" : "feedback@germanbiobanknode.de"
    }]
  }],
  "compose" : {
    "include" : [{
      "system" : "https://fhir.bbmri.de/CodeSystem/CollectionType"
    }]
  }
}